doc_id,lot_id,doc_type,version,operator_id,issue_date,valid_until,signed,quality,hs_code,country,quantity_kg,risk_level,reference_date
DOC-00001,LOT-2026-0001,dds_statement,1,OP08,2026-08-22,,1,0.93,0901,ID,10500,,
DOC-00002,LOT-2026-0001,commercial_invoice,1,OP08,2026-08-20,,0,0.95,0901.11,,10500,,
DOC-00003,LOT-2026-0001,supplier_buyer_info,1,OP08,2026-08-15,,0,0.86,,,,,
DOC-00004,LOT-2026-0001,production_record,1,,2026-07-17,,0,0.92,,ID,10920,,
DOC-00005,LOT-2026-0001,deforestation_evidence,1,,2026-07-27,,0,0.86,,ID,,,2020-03-21
DOC-00006,LOT-2026-0001,legality_land,1,,2024-06-04,2028-06-13,0,0.97,,ID,,,
DOC-00007,LOT-2026-0001,legality_env,1,,2023-03-12,2029-01-30,0,0.86,,,,,
DOC-00008,LOT-2026-0001,legality_labour_tax,1,,2024-08-28,2028-04-17,0,0.87,,,,,
DOC-00009,LOT-2026-0001,risk_assessment,1,,2026-08-16,,0,0.97,,,,negligible,
DOC-00010,LOT-2026-0001,certification,1,OP08,2025-08-31,2027-02-10,0,0.94,,,,,
DOC-00011,LOT-2026-0002,dds_statement,1,OP07,2026-09-21,,0,0.98,0901,ID,14640,,
DOC-00012,LOT-2026-0002,commercial_invoice,1,OP07,2026-09-16,,0,0.94,0901.11,,14640,,
DOC-00013,LOT-2026-0002,supplier_buyer_info,1,OP07,2026-09-09,,0,0.88,,,,,
DOC-00014,LOT-2026-0002,production_record,1,,2026-08-06,,0,0.87,,ID,15000,,
DOC-00015,LOT-2026-0002,deforestation_evidence,1,,2026-09-02,,0,0.89,,ID,,,2020-08-22
DOC-00016,LOT-2026-0002,legality_land,1,,2025-02-08,2028-05-28,0,0.85,,ID,,,
DOC-00017,LOT-2026-0002,legality_env,1,,2024-09-28,2028-12-28,0,0.99,,,,,
DOC-00018,LOT-2026-0002,legality_labour_tax,1,,2024-03-16,2028-09-01,0,0.88,,,,,
DOC-00019,LOT-2026-0002,risk_assessment,1,,2026-09-10,,0,0.89,,,,negligible,
DOC-00020,LOT-2026-0003,dds_statement,1,OP02,2026-08-27,,1,0.97,0901,ID,10320,,
DOC-00021,LOT-2026-0003,commercial_invoice,1,OP02,2026-08-21,,0,0.94,0901.11,,10320,,
DOC-00022,LOT-2026-0003,supplier_buyer_info,1,OP02,2026-08-08,,0,0.94,,,,,
DOC-00023,LOT-2026-0003,production_record,1,,2026-07-23,,0,0.94,,ID,10320,,
DOC-00024,LOT-2026-0003,deforestation_evidence,1,,2026-07-31,,0,0.98,,ID,,,2020-06-02
DOC-00025,LOT-2026-0003,legality_land,1,,2023-04-17,2028-10-02,0,0.89,,ID,,,
DOC-00026,LOT-2026-0003,legality_env,1,,2025-06-30,2027-09-18,0,0.95,,,,,
DOC-00027,LOT-2026-0003,legality_labour_tax,1,,2024-06-08,2027-12-04,0,0.89,,,,,
DOC-00028,LOT-2026-0003,risk_assessment,1,,2026-08-14,,0,0.88,,,,negligible,
DOC-00029,LOT-2026-0003,certification,1,OP02,2024-09-27,2028-06-01,0,0.92,,,,,
DOC-00030,LOT-2026-0004,dds_statement,1,OP01,2026-08-14,,1,0.86,0901,ID,12480,,
DOC-00031,LOT-2026-0004,commercial_invoice,1,OP01,2026-08-07,,0,0.96,0901.11,,12480,,
DOC-00032,LOT-2026-0004,supplier_buyer_info,1,OP01,2026-07-28,,0,0.99,,,,,
DOC-00033,LOT-2026-0004,production_record,1,,2026-06-19,,0,0.95,,ID,12600,,
DOC-00034,LOT-2026-0004,deforestation_evidence,1,,2026-07-18,,0,0.91,,ID,,,2020-12-27
DOC-00035,LOT-2026-0004,legality_land,1,,2023-01-10,2028-08-17,0,0.86,,ID,,,
DOC-00036,LOT-2026-0004,legality_env,1,,2025-06-23,2029-05-08,0,0.98,,,,,
DOC-00037,LOT-2026-0004,legality_labour_tax,1,,2025-07-12,2027-04-06,0,0.97,,,,,
DOC-00038,LOT-2026-0004,risk_assessment,1,,2026-08-04,,0,0.93,,,,negligible,
DOC-00039,LOT-2026-0004,certification,1,OP01,2024-05-10,2027-02-12,0,0.89,,,,,
DOC-00040,LOT-2026-0005,dds_statement,1,OP01,2026-09-04,,1,0.86,0901,ID,16440,,
DOC-00041,LOT-2026-0005,commercial_invoice,1,OP01,2026-08-27,,0,0.99,0901.11,,16440,,
DOC-00042,LOT-2026-0005,supplier_buyer_info,1,OP01,2026-08-17,,0,0.87,,,,,
DOC-00043,LOT-2026-0005,production_record,1,,2026-07-29,,0,0.97,,ID,16620,,
DOC-00044,LOT-2026-0005,deforestation_evidence,1,,2026-08-20,,0,0.85,,ID,,,2020-07-30
DOC-00045,LOT-2026-0005,legality_land,1,,2025-01-24,2029-11-11,0,0.96,,ID,,,
DOC-00046,LOT-2026-0005,legality_env,1,,2024-02-26,2029-08-30,0,0.94,,,,,
DOC-00047,LOT-2026-0005,legality_labour_tax,1,,2024-09-11,2027-11-29,0,0.87,,,,,
DOC-00048,LOT-2026-0005,risk_assessment,1,,2026-08-19,,0,0.95,,,,negligible,
DOC-00049,LOT-2026-0005,certification,1,OP01,2024-02-09,2028-04-26,0,0.88,,,,,
DOC-00050,LOT-2026-0006,dds_statement,1,OP08,2026-09-03,,1,0.88,0901,ID,18600,,
DOC-00051,LOT-2026-0006,commercial_invoice,1,OP08,2026-09-01,,0,0.94,0901.11,,18600,,
DOC-00052,LOT-2026-0006,supplier_buyer_info,1,OP08,2026-08-21,,0,0.9,,,,,
DOC-00053,LOT-2026-0006,production_record,1,,2026-07-10,,0,0.99,,ID,18660,,
DOC-00054,LOT-2026-0006,deforestation_evidence,1,,2026-08-16,,0,0.94,,ID,,,2020-06-28
DOC-00055,LOT-2026-0006,legality_land,1,,2024-02-14,2031-10-23,0,0.99,,ID,,,
DOC-00056,LOT-2026-0006,legality_env,1,,2024-07-03,2028-05-05,0,0.98,,,,,
DOC-00057,LOT-2026-0006,legality_labour_tax,1,,2024-04-28,2026-06-13,0,0.87,,,,,
DOC-00058,LOT-2026-0006,risk_assessment,1,,2026-08-15,,0,0.98,,,,negligible,
DOC-00059,LOT-2026-0006,certification,1,OP08,2024-04-21,2028-09-02,0,0.91,,,,,
DOC-00060,LOT-2026-0007,dds_statement,1,OP07,2026-09-17,,1,0.93,0901,ID,7740,,
DOC-00061,LOT-2026-0007,commercial_invoice,1,OP07,2026-09-11,,0,0.86,0901.11,,7740,,
DOC-00062,LOT-2026-0007,supplier_buyer_info,1,OP07,2026-09-04,,0,0.85,,,,,
DOC-00063,LOT-2026-0007,production_record,2,,2026-08-06,,0,0.95,,ID,8220,,
DOC-00064,LOT-2026-0007,deforestation_evidence,1,,2026-09-01,,0,0.91,,ID,,,2020-07-05
DOC-00065,LOT-2026-0007,legality_land,1,,2024-11-11,2029-11-07,0,0.94,,ID,,,
DOC-00066,LOT-2026-0007,legality_env,1,,2024-11-10,2029-10-16,0,0.87,,,,,
DOC-00067,LOT-2026-0007,legality_labour_tax,1,,2024-11-03,2028-08-01,0,0.89,,,,,
DOC-00068,LOT-2026-0007,risk_assessment,1,,2026-08-28,,0,0.91,,,,negligible,
DOC-00069,LOT-2026-0007,certification,1,OP07,2024-10-29,2028-07-21,0,0.87,,,,,
DOC-00070,LOT-2026-0007,production_record,1,,2026-07-29,,0,0.72,,ID,7380,,
DOC-00071,LOT-2026-0008,dds_statement,1,OP05,2026-09-04,,1,0.89,0901,ID,18780,,
DOC-00072,LOT-2026-0008,commercial_invoice,1,OP05,2026-08-27,,0,0.96,0901.11,,18780,,
DOC-00073,LOT-2026-0008,supplier_buyer_info,1,OP05,2026-08-19,,0,0.94,,,,,
DOC-00074,LOT-2026-0008,production_record,1,,2026-08-05,,0,0.91,,ID,19200,,
DOC-00075,LOT-2026-0008,deforestation_evidence,1,,2026-08-19,,0,0.92,,ID,,,2020-09-18
DOC-00076,LOT-2026-0008,legality_land,1,,2025-03-26,2028-12-13,0,0.94,,ID,,,
DOC-00077,LOT-2026-0008,legality_env,1,,2023-10-18,2028-11-09,0,0.94,,,,,
DOC-00078,LOT-2026-0008,legality_labour_tax,1,,2025-09-26,2028-02-07,0,0.86,,,,,
DOC-00079,LOT-2026-0008,risk_assessment,1,,2026-08-25,,0,0.98,,,,negligible,
DOC-00080,LOT-2026-0008,certification,1,OP05,2024-11-13,2027-08-19,0,0.96,,,,,
DOC-00081,LOT-2026-0009,dds_statement,1,OP03,2026-08-15,,1,0.97,0901,ID,9720,,
DOC-00082,LOT-2026-0009,commercial_invoice,1,OP03,2026-08-12,,0,0.91,0901.11,,9720,,
DOC-00083,LOT-2026-0009,supplier_buyer_info,1,OP03,2026-07-29,,0,0.93,,,,,
DOC-00084,LOT-2026-0009,production_record,1,,2026-07-01,,0,0.92,,ID,10080,,
DOC-00085,LOT-2026-0009,deforestation_evidence,1,,2026-07-29,,0,0.94,,ID,,,2020-03-16
DOC-00086,LOT-2026-0009,legality_land,1,,2023-01-06,2028-08-06,0,0.96,,ID,,,
DOC-00087,LOT-2026-0009,legality_env,1,,2023-08-13,2027-11-28,0,0.96,,,,,
DOC-00088,LOT-2026-0009,legality_labour_tax,1,,2025-06-14,2028-06-18,0,0.86,,,,,
DOC-00089,LOT-2026-0009,risk_assessment,1,,2026-07-31,,0,0.88,,,,negligible,
DOC-00090,LOT-2026-0010,dds_statement,1,OP08,2026-08-16,,1,0.99,0901,ID,13080,,
DOC-00091,LOT-2026-0010,commercial_invoice,1,OP08,2026-08-09,,0,0.98,0901.11,,13080,,
DOC-00092,LOT-2026-0010,supplier_buyer_info,1,OP08,2026-08-02,,0,0.94,,,,,
DOC-00093,LOT-2026-0010,production_record,1,,2026-06-26,,0,0.91,,ID,13560,,
DOC-00094,LOT-2026-0010,deforestation_evidence,1,,2026-07-20,,0,0.98,,ID,,,2020-08-16
DOC-00095,LOT-2026-0010,legality_env,1,,2025-02-08,2028-02-09,0,0.97,,,,,
DOC-00096,LOT-2026-0010,legality_labour_tax,1,,2024-10-10,2028-08-15,0,0.92,,,,,
DOC-00097,LOT-2026-0010,risk_assessment,1,,2026-08-02,,0,0.88,,,,negligible,
DOC-00098,LOT-2026-0010,certification,1,OP08,2024-10-19,2027-08-29,0,0.89,,,,,
DOC-00099,LOT-2026-0011,dds_statement,1,OP02,2026-08-21,,1,0.87,0901,ID,9540,,
DOC-00100,LOT-2026-0011,commercial_invoice,1,OP02,2026-08-16,,0,0.86,0901.11,,9540,,
DOC-00101,LOT-2026-0011,supplier_buyer_info,1,OP02,2026-08-08,,0,0.9,,,,,
DOC-00102,LOT-2026-0011,production_record,1,,2026-07-10,,0,0.91,,ID,9960,,
DOC-00103,LOT-2026-0011,deforestation_evidence,1,,2026-08-05,,0,0.9,,ID,,,2020-08-03
DOC-00104,LOT-2026-0011,legality_land,1,,2025-02-27,2031-04-11,0,0.98,,ID,,,
DOC-00105,LOT-2026-0011,legality_env,1,,2023-01-21,2029-10-25,0,0.97,,,,,
DOC-00106,LOT-2026-0011,legality_labour_tax,1,,2025-08-12,2028-03-24,0,0.92,,,,,
DOC-00107,LOT-2026-0011,risk_assessment,1,,2026-08-04,,0,0.98,,,,negligible,
DOC-00108,LOT-2026-0011,certification,1,OP02,2025-02-03,2028-03-05,0,0.93,,,,,
DOC-00109,LOT-2026-0012,dds_statement,1,OP04,2026-09-13,,1,0.85,0901,ID,10140,,
DOC-00110,LOT-2026-0012,commercial_invoice,1,OP04,2026-09-06,,0,0.94,0901.11,,10140,,
DOC-00111,LOT-2026-0012,supplier_buyer_info,1,OP04,2026-08-25,,0,0.91,,,,,
DOC-00112,LOT-2026-0012,production_record,1,,2026-08-01,,0,0.97,,ID,10260,,
DOC-00113,LOT-2026-0012,deforestation_evidence,1,,2026-08-30,,0,0.92,,ID,,,2020-11-14
DOC-00114,LOT-2026-0012,legality_land,1,,2024-02-08,2031-04-27,0,0.93,,ID,,,
DOC-00115,LOT-2026-0012,legality_env,1,,2023-01-28,2027-08-25,0,0.94,,,,,
DOC-00116,LOT-2026-0012,legality_labour_tax,1,,2024-05-18,2028-06-15,0,0.88,,,,,
DOC-00117,LOT-2026-0012,risk_assessment,1,,2026-08-31,,0,0.89,,,,non_negligible,
DOC-00118,LOT-2026-0012,certification,1,OP04,2025-04-10,2027-12-01,0,0.9,,,,,
DOC-00119,LOT-2026-0013,dds_statement,1,OP07,2026-08-25,,1,0.97,0901,ID,18720,,
DOC-00120,LOT-2026-0013,commercial_invoice,1,OP07,2026-08-16,,0,0.85,0901.11,,18720,,
DOC-00121,LOT-2026-0013,supplier_buyer_info,1,OP07,2026-08-10,,0,0.86,,,,,
DOC-00122,LOT-2026-0013,production_record,1,,2026-07-13,,0,0.88,,ID,19020,,
DOC-00123,LOT-2026-0013,deforestation_evidence,1,,2026-08-13,,0,0.86,,ID,,,2020-11-29
DOC-00124,LOT-2026-0013,legality_land,1,,2023-02-01,2029-05-21,0,0.88,,ID,,,
DOC-00125,LOT-2026-0013,legality_env,1,,2023-01-21,2029-02-26,0,0.87,,,,,
DOC-00126,LOT-2026-0013,legality_labour_tax,1,,2024-05-09,2028-06-27,0,0.94,,,,,
DOC-00127,LOT-2026-0013,risk_assessment,1,,2026-08-15,,0,0.93,,,,negligible,
DOC-00128,LOT-2026-0013,certification,1,OP07,2024-09-19,2028-01-13,0,0.87,,,,,
DOC-00129,LOT-2026-0014,dds_statement,1,OP02,2026-08-22,,1,0.98,0901,ID,7620,,
DOC-00130,LOT-2026-0014,commercial_invoice,1,OP02,2026-08-14,,0,0.91,0901.11,,7620,,
DOC-00131,LOT-2026-0014,supplier_buyer_info,1,OP02,2026-08-04,,0,0.88,,,,,
DOC-00132,LOT-2026-0014,production_record,1,,2026-07-05,,0,0.95,,ID,7620,,
DOC-00133,LOT-2026-0014,deforestation_evidence,1,,2026-08-05,,0,0.95,,ID,,,2020-12-31
DOC-00134,LOT-2026-0014,legality_land,1,,2023-11-05,2031-11-02,0,0.93,,ID,,,
DOC-00135,LOT-2026-0014,legality_env,1,,2023-05-04,2029-08-24,0,0.99,,,,,
DOC-00136,LOT-2026-0014,legality_labour_tax,1,,2024-02-12,2028-02-19,0,0.92,,,,,
DOC-00137,LOT-2026-0014,risk_assessment,1,,2026-08-16,,0,0.94,,,,negligible,
DOC-00138,LOT-2026-0014,certification,1,OP02,2024-12-15,2027-01-13,0,0.97,,,,,
DOC-00139,LOT-2026-0015,dds_statement,2,OP08,2026-08-17,,1,0.97,0901,ID,11520,,
DOC-00140,LOT-2026-0015,commercial_invoice,1,OP08,2026-08-13,,0,0.91,0901.11,,11520,,
DOC-00141,LOT-2026-0015,supplier_buyer_info,1,OP08,2026-07-30,,0,0.92,,,,,
DOC-00142,LOT-2026-0015,production_record,1,,2026-06-28,,0,0.89,,ID,12120,,
DOC-00143,LOT-2026-0015,deforestation_evidence,1,,2026-07-21,,0,0.92,,ID,,,2020-09-04
DOC-00144,LOT-2026-0015,legality_land,1,,2025-04-25,2031-04-28,0,0.89,,ID,,,
DOC-00145,LOT-2026-0015,legality_env,1,,2025-05-22,2028-02-07,0,0.97,,,,,
DOC-00146,LOT-2026-0015,legality_labour_tax,1,,2024-03-29,2027-12-11,0,0.97,,,,,
DOC-00147,LOT-2026-0015,risk_assessment,1,,2026-07-28,,0,0.88,,,,negligible,
DOC-00148,LOT-2026-0015,certification,1,OP08,2025-09-16,2028-11-15,0,0.9,,,,,
DOC-00149,LOT-2026-0015,dds_statement,1,OP08,2026-08-08,,1,0.72,0901,ID,12420,,
DOC-00150,LOT-2026-0016,dds_statement,1,OP03,2026-09-13,,1,0.9,0901,ID,11400,,
DOC-00151,LOT-2026-0016,commercial_invoice,1,OP03,2026-09-07,,0,0.93,0901.11,,11400,,
DOC-00152,LOT-2026-0016,supplier_buyer_info,1,OP03,2026-08-29,,0,0.98,,,,,
DOC-00153,LOT-2026-0016,production_record,1,,2026-07-20,,0,0.88,,VN,11460,,
DOC-00154,LOT-2026-0016,deforestation_evidence,1,,2026-08-21,,0,0.93,,ID,,,2020-09-07
DOC-00155,LOT-2026-0016,legality_land,1,,2023-09-04,2031-11-15,0,0.92,,ID,,,
DOC-00156,LOT-2026-0016,legality_env,1,,2024-12-29,2028-10-15,0,0.91,,,,,
DOC-00157,LOT-2026-0016,legality_labour_tax,1,,2024-01-18,2027-06-04,0,0.89,,,,,
DOC-00158,LOT-2026-0016,risk_assessment,1,,2026-09-03,,0,0.91,,,,negligible,
DOC-00159,LOT-2026-0016,certification,1,OP03,2025-08-18,2028-01-13,0,0.92,,,,,
DOC-00160,LOT-2026-0017,dds_statement,1,OP06,2026-09-05,,1,0.95,0901,ID,14400,,
DOC-00161,LOT-2026-0017,commercial_invoice,1,OP06,2026-08-30,,0,0.89,0901.11,,14400,,
DOC-00162,LOT-2026-0017,supplier_buyer_info,1,OP06,2026-08-26,,0,0.87,,,,,
DOC-00163,LOT-2026-0017,production_record,1,,2026-07-27,,0,0.89,,ID,14580,,
DOC-00164,LOT-2026-0017,deforestation_evidence,1,,2026-08-09,,0,0.88,,ID,,,2020-12-19
DOC-00165,LOT-2026-0017,legality_land,1,,2023-08-10,2030-09-18,0,0.89,,ID,,,
DOC-00166,LOT-2026-0017,legality_env,1,,2024-08-26,2029-07-18,0,0.92,,,,,
DOC-00167,LOT-2026-0017,legality_labour_tax,1,,2024-10-16,2027-06-11,0,0.97,,,,,
DOC-00168,LOT-2026-0017,risk_assessment,1,,2026-09-06,,0,0.89,,,,negligible,
DOC-00169,LOT-2026-0017,certification,1,OP06,2024-11-05,2027-01-15,0,0.95,,,,,
DOC-00170,LOT-2026-0018,dds_statement,1,OP03,2026-08-31,,1,0.95,0901,ID,6780,,
DOC-00171,LOT-2026-0018,commercial_invoice,1,OP03,2026-08-27,,0,0.94,0901.11,,6780,,
DOC-00172,LOT-2026-0018,supplier_buyer_info,1,OP03,2026-08-12,,0,0.92,,,,,
DOC-00173,LOT-2026-0018,production_record,1,,2026-07-15,,0,0.93,,ID,6780,,
DOC-00174,LOT-2026-0018,deforestation_evidence,1,,2026-08-06,,0,0.91,,ID,,,2020-09-02
DOC-00175,LOT-2026-0018,legality_land,1,,2023-07-08,2028-04-15,0,0.89,,ID,,,
DOC-00176,LOT-2026-0018,legality_env,1,,2025-06-01,2028-10-02,0,0.87,,,,,
DOC-00177,LOT-2026-0018,legality_labour_tax,1,,2024-03-07,2028-04-14,0,0.92,,,,,
DOC-00178,LOT-2026-0018,risk_assessment,1,,2026-08-21,,0,0.93,,,,negligible,
DOC-00179,LOT-2026-0019,dds_statement,1,OP03,2026-08-17,,1,0.86,0901,ID,14640,,
DOC-00180,LOT-2026-0019,commercial_invoice,1,OP03,2026-08-12,,0,0.87,0901.11,,14640,,
DOC-00181,LOT-2026-0019,supplier_buyer_info,1,OP03,2026-07-29,,0,0.91,,,,,
DOC-00182,LOT-2026-0019,production_record,1,,2026-06-18,,0,0.96,,ID,15180,,
DOC-00183,LOT-2026-0019,deforestation_evidence,1,,2026-07-31,,0,0.9,,ID,,,2020-09-24
DOC-00184,LOT-2026-0019,legality_land,1,,2024-03-29,2029-08-31,0,0.97,,ID,,,
DOC-00185,LOT-2026-0019,legality_env,1,,2024-03-15,2028-04-08,0,0.93,,,,,
DOC-00186,LOT-2026-0019,legality_labour_tax,1,,2024-03-02,2028-11-14,0,0.98,,,,,
DOC-00187,LOT-2026-0019,risk_assessment,1,,2026-08-07,,0,0.86,,,,negligible,
DOC-00188,LOT-2026-0020,dds_statement,1,OP04,2026-08-25,,1,0.87,0901,ID,7200,,
DOC-00189,LOT-2026-0020,commercial_invoice,1,OP04,2026-08-22,,0,0.87,0901.11,,7200,,
DOC-00190,LOT-2026-0020,supplier_buyer_info,1,OP04,2026-08-12,,0,0.91,,,,,
DOC-00191,LOT-2026-0020,production_record,1,,2026-07-21,,0,0.92,,ID,7740,,
DOC-00192,LOT-2026-0020,deforestation_evidence,1,,2026-08-14,,0,0.89,,ID,,,2020-04-28
DOC-00193,LOT-2026-0020,legality_land,1,,2023-10-17,2031-12-10,0,0.97,,ID,,,
DOC-00194,LOT-2026-0020,legality_env,1,,2023-03-14,2029-05-04,0,0.88,,,,,
DOC-00195,LOT-2026-0020,legality_labour_tax,1,,2024-09-27,2028-11-30,0,0.93,,,,,
DOC-00196,LOT-2026-0020,risk_assessment,1,,2026-08-16,,0,0.96,,,,non_negligible,
DOC-00197,LOT-2026-0020,certification,1,OP04,2024-04-27,2028-07-11,0,0.88,,,,,
DOC-00198,LOT-2026-0020,risk_mitigation,1,,2026-08-19,,0,0.87,,,,,
DOC-00199,LOT-2026-0021,dds_statement,1,OP03,2026-08-18,,0,0.93,0901,ID,8520,,
DOC-00200,LOT-2026-0021,commercial_invoice,1,OP03,2026-08-12,,0,0.91,0901.11,,8520,,
DOC-00201,LOT-2026-0021,supplier_buyer_info,1,OP03,2026-08-04,,0,0.95,,,,,
DOC-00202,LOT-2026-0021,production_record,1,,2026-06-24,,0,0.98,,ID,8880,,
DOC-00203,LOT-2026-0021,deforestation_evidence,1,,2026-07-23,,0,0.92,,ID,,,2020-10-03
DOC-00204,LOT-2026-0021,legality_land,1,,2023-03-24,2031-05-09,0,0.86,,ID,,,
DOC-00205,LOT-2026-0021,legality_env,1,,2024-03-18,2029-06-22,0,0.9,,,,,
DOC-00206,LOT-2026-0021,legality_labour_tax,1,,2024-09-13,2027-03-27,0,0.86,,,,,
DOC-00207,LOT-2026-0021,risk_assessment,1,,2026-08-08,,0,0.98,,,,negligible,
DOC-00208,LOT-2026-0022,dds_statement,1,OP01,2026-09-20,,1,0.96,0901,ID,10080,,
DOC-00209,LOT-2026-0022,commercial_invoice,1,OP01,2026-09-16,,0,0.92,0901.11,,10080,,
DOC-00210,LOT-2026-0022,supplier_buyer_info,1,OP01,2026-09-03,,0,0.91,,,,,
DOC-00211,LOT-2026-0022,production_record,1,,2026-08-03,,0,0.88,,ID,10320,,
DOC-00212,LOT-2026-0022,deforestation_evidence,1,,2026-08-23,,0,0.94,,ID,,,2020-08-11
DOC-00213,LOT-2026-0022,legality_land,1,,2024-05-18,2028-07-05,0,0.92,,ID,,,
DOC-00214,LOT-2026-0022,legality_env,1,,2024-02-23,2028-05-07,0,0.89,,,,,
DOC-00215,LOT-2026-0022,legality_labour_tax,1,,2024-04-17,2027-08-12,0,0.9,,,,,
DOC-00216,LOT-2026-0022,risk_assessment,1,,2026-09-14,,0,0.95,,,,negligible,
DOC-00217,LOT-2026-0022,certification,1,OP01,2025-02-14,2028-07-17,0,0.86,,,,,
DOC-00218,LOT-2026-0023,dds_statement,1,OP02,2026-09-01,,1,0.91,0901,ID,10920,,
DOC-00219,LOT-2026-0023,commercial_invoice,1,OP02,2026-08-30,,0,0.94,0901.11,,10920,,
DOC-00220,LOT-2026-0023,supplier_buyer_info,1,OP02,2026-08-17,,0,0.91,,,,,
DOC-00221,LOT-2026-0023,production_record,1,,2026-07-30,,0,0.88,,ID,10920,,
DOC-00222,LOT-2026-0023,legality_land,1,,2024-10-02,2030-06-24,0,0.96,,ID,,,
DOC-00223,LOT-2026-0023,legality_env,1,,2023-07-28,2028-02-29,0,0.93,,,,,
DOC-00224,LOT-2026-0023,legality_labour_tax,1,,2024-10-21,2028-05-22,0,0.97,,,,,
DOC-00225,LOT-2026-0023,risk_assessment,1,,2026-08-14,,0,0.92,,,,negligible,
DOC-00226,LOT-2026-0023,certification,1,OP02,2025-09-15,2027-09-03,0,0.95,,,,,
DOC-00227,LOT-2026-0024,dds_statement,1,OP01,2026-09-15,,1,0.98,0901,ID,7380,,
DOC-00228,LOT-2026-0024,commercial_invoice,1,OP01,2026-09-06,,0,0.98,0901.11,,7380,,
DOC-00229,LOT-2026-0024,supplier_buyer_info,1,OP01,2026-08-29,,0,0.97,,,,,
DOC-00230,LOT-2026-0024,production_record,1,,2026-08-09,,0,0.98,,ID,7800,,
DOC-00231,LOT-2026-0024,deforestation_evidence,1,,2026-08-27,,0,0.95,,ID,,,2020-09-17
DOC-00232,LOT-2026-0024,legality_land,1,,2024-03-01,2026-07-06,0,0.99,,ID,,,
DOC-00233,LOT-2026-0024,legality_env,1,,2023-09-07,2028-09-10,0,0.93,,,,,
DOC-00234,LOT-2026-0024,legality_labour_tax,1,,2025-01-27,2027-09-12,0,0.98,,,,,
DOC-00235,LOT-2026-0024,risk_assessment,1,,2026-08-27,,0,0.92,,,,negligible,
DOC-00236,LOT-2026-0025,dds_statement,1,OP07,2026-08-29,,1,0.85,0901,ID,13740,,
DOC-00237,LOT-2026-0025,commercial_invoice,1,OP07,2026-08-23,,0,0.97,0901.11,,13740,,
DOC-00238,LOT-2026-0025,supplier_buyer_info,1,OP07,2026-08-13,,0,0.99,,,,,
DOC-00239,LOT-2026-0025,production_record,1,,2026-07-22,,0,0.97,,ID,14160,,
DOC-00240,LOT-2026-0025,deforestation_evidence,1,,2026-08-05,,0,0.92,,ID,,,2020-10-02
DOC-00241,LOT-2026-0025,legality_land,1,,2023-12-07,2031-02-04,0,0.96,,ID,,,
DOC-00242,LOT-2026-0025,legality_env,1,,2024-01-22,2028-09-09,0,0.98,,,,,
DOC-00243,LOT-2026-0025,legality_labour_tax,1,,2024-07-12,2027-10-31,0,0.93,,,,,
DOC-00244,LOT-2026-0025,risk_assessment,1,,2026-08-10,,0,0.88,,,,negligible,
DOC-00245,LOT-2026-0026,dds_statement,1,OP01,2026-08-29,,1,0.96,0901,ID,13260,,
DOC-00246,LOT-2026-0026,commercial_invoice,1,OP01,2026-08-21,,0,0.99,0901.11,,13260,,
DOC-00247,LOT-2026-0026,supplier_buyer_info,1,OP01,2026-08-10,,0,0.96,,,,,
DOC-00248,LOT-2026-0026,production_record,1,,2026-07-08,,0,0.92,,ID,13380,,
DOC-00249,LOT-2026-0026,deforestation_evidence,1,,2026-08-18,,0,0.92,,ID,,,2020-03-05
DOC-00250,LOT-2026-0026,legality_land,1,,2024-08-27,2029-11-10,0,0.97,,ID,,,
DOC-00251,LOT-2026-0026,legality_env,1,,2025-06-14,2029-10-13,0,0.91,,,,,
DOC-00252,LOT-2026-0026,legality_labour_tax,1,,2025-06-22,2028-06-10,0,0.85,,,,,
DOC-00253,LOT-2026-0026,risk_assessment,1,,2026-08-09,,0,0.87,,,,negligible,
DOC-00254,LOT-2026-0027,dds_statement,1,OP03,2026-08-15,,1,0.94,0901,ID,18000,,
DOC-00255,LOT-2026-0027,commercial_invoice,1,OP03,2026-08-07,,0,0.94,0901.11,,18000,,
DOC-00256,LOT-2026-0027,supplier_buyer_info,1,OP03,2026-07-26,,0,0.9,,,,,
DOC-00257,LOT-2026-0027,production_record,1,,2026-07-08,,0,0.97,,ID,18600,,
DOC-00258,LOT-2026-0027,deforestation_evidence,1,,2026-07-24,,0,0.94,,ID,,,2020-06-11
DOC-00259,LOT-2026-0027,legality_land,1,,2025-06-27,2030-09-26,0,0.97,,ID,,,
DOC-00260,LOT-2026-0027,legality_env,1,,2023-02-06,2026-08-07,0,0.86,,,,,
DOC-00261,LOT-2026-0027,legality_labour_tax,1,,2024-10-21,2027-10-19,0,0.95,,,,,
DOC-00262,LOT-2026-0027,risk_assessment,1,,2026-08-04,,0,0.91,,,,negligible,
DOC-00263,LOT-2026-0027,certification,1,OP03,2024-04-12,2028-03-30,0,0.87,,,,,
DOC-00264,LOT-2026-0028,dds_statement,1,OP01,2026-08-28,,1,0.9,0901,ID,6840,,
DOC-00265,LOT-2026-0028,commercial_invoice,1,OP01,2026-08-24,,0,0.88,0901.11,,6840,,
DOC-00266,LOT-2026-0028,supplier_buyer_info,2,OP01,2026-08-15,,0,0.93,,,,,
DOC-00267,LOT-2026-0028,production_record,1,,2026-07-20,,0,0.87,,ID,6960,,
DOC-00268,LOT-2026-0028,deforestation_evidence,1,,2026-08-16,,0,0.97,,ID,,,2020-11-08
DOC-00269,LOT-2026-0028,legality_land,1,,2024-09-26,2031-10-31,0,0.88,,ID,,,
DOC-00270,LOT-2026-0028,legality_env,1,,2024-08-20,2027-10-25,0,0.88,,,,,
DOC-00271,LOT-2026-0028,legality_labour_tax,1,,2024-09-17,2028-06-13,0,0.89,,,,,
DOC-00272,LOT-2026-0028,risk_assessment,1,,2026-08-17,,0,0.85,,,,negligible,
DOC-00273,LOT-2026-0028,supplier_buyer_info,1,OP03,2026-08-05,,0,0.72,,,,,
DOC-00274,LOT-2026-0029,dds_statement,1,OP02,2026-09-09,,1,0.98,0901,ID,15000,,
DOC-00275,LOT-2026-0029,commercial_invoice,1,OP02,2026-09-03,,0,0.91,0901.11,,15000,,
DOC-00276,LOT-2026-0029,supplier_buyer_info,1,OP02,2026-08-29,,0,0.88,,,,,
DOC-00277,LOT-2026-0029,production_record,1,,2026-08-01,,0,0.97,,ID,15360,,
DOC-00278,LOT-2026-0029,deforestation_evidence,1,,2026-08-27,,0,0.9,,ID,,,2020-05-01
DOC-00279,LOT-2026-0029,legality_land,1,,2024-01-03,2031-03-23,0,0.89,,ID,,,
DOC-00280,LOT-2026-0029,legality_env,1,,2024-12-17,2028-03-29,0,0.85,,,,,
DOC-00281,LOT-2026-0029,legality_labour_tax,1,,2025-02-09,2027-12-07,0,0.85,,,,,
DOC-00282,LOT-2026-0029,risk_assessment,1,,2026-08-24,,0,0.97,,,,negligible,
DOC-00283,LOT-2026-0030,dds_statement,1,OP01,2026-09-16,,1,0.98,0901,ID,13620,,
DOC-00284,LOT-2026-0030,commercial_invoice,1,OP01,2026-09-11,,0,0.93,0901.11,,13620,,
DOC-00285,LOT-2026-0030,supplier_buyer_info,1,OP01,2026-09-04,,0,0.88,,,,,
DOC-00286,LOT-2026-0030,production_record,1,,2026-07-22,,0,0.94,,ID,13800,,
DOC-00287,LOT-2026-0030,deforestation_evidence,1,,2026-09-02,,0,0.86,,ID,,,2020-11-17
DOC-00288,LOT-2026-0030,legality_land,1,,2024-10-04,2031-08-16,0,0.86,,ID,,,
DOC-00289,LOT-2026-0030,legality_env,1,,2025-03-18,2028-08-25,0,0.85,,,,,
DOC-00290,LOT-2026-0030,legality_labour_tax,1,,2025-01-08,2027-07-13,0,0.86,,,,,
DOC-00291,LOT-2026-0030,risk_assessment,1,,2026-08-27,,0,0.89,,,,negligible,
DOC-00292,LOT-2026-0031,dds_statement,1,OP03,2026-08-25,,1,0.99,0901,ID,18060,,
DOC-00293,LOT-2026-0031,commercial_invoice,1,OP03,2026-08-19,,0,0.97,0901.11,,18060,,
DOC-00294,LOT-2026-0031,supplier_buyer_info,1,OP03,2026-08-14,,0,0.98,,,,,
DOC-00295,LOT-2026-0031,production_record,1,,2026-07-09,,0,0.99,,ID,17520,,
DOC-00296,LOT-2026-0031,deforestation_evidence,1,,2026-08-06,,0,0.96,,ID,,,2020-06-22
DOC-00297,LOT-2026-0031,legality_land,1,,2024-04-24,2028-06-03,0,0.87,,ID,,,
DOC-00298,LOT-2026-0031,legality_env,1,,2023-08-20,2029-10-28,0,0.94,,,,,
DOC-00299,LOT-2026-0031,legality_labour_tax,1,,2025-02-10,2028-09-21,0,0.9,,,,,
DOC-00300,LOT-2026-0031,risk_assessment,1,,2026-08-05,,0,0.96,,,,negligible,
DOC-00301,LOT-2026-0031,certification,1,OP03,2025-07-03,2027-05-07,0,0.91,,,,,
DOC-00302,LOT-2026-0032,dds_statement,1,OP07,2026-09-21,,1,0.92,0901,ID,7620,,
DOC-00303,LOT-2026-0032,commercial_invoice,1,OP07,2026-09-14,,0,0.98,0901.11,,7620,,
DOC-00304,LOT-2026-0032,supplier_buyer_info,1,OP07,2026-09-11,,0,0.94,,,,,
DOC-00305,LOT-2026-0032,production_record,1,,2026-08-01,,0,0.97,,ID,8220,,
DOC-00306,LOT-2026-0032,deforestation_evidence,1,,2026-09-02,,0,0.91,,ID,,,2020-11-28
DOC-00307,LOT-2026-0032,legality_land,1,,2023-05-24,2028-04-02,0,0.98,,ID,,,
DOC-00308,LOT-2026-0032,legality_env,1,,2023-11-08,2028-10-17,0,0.87,,,,,
DOC-00309,LOT-2026-0032,legality_labour_tax,1,,2024-08-28,2028-09-01,0,0.87,,,,,
DOC-00310,LOT-2026-0032,risk_assessment,1,,2026-09-12,,0,0.91,,,,negligible,
DOC-00311,LOT-2026-0033,dds_statement,2,OP07,2026-09-15,,1,0.91,0901,ID,17160,,
DOC-00312,LOT-2026-0033,commercial_invoice,1,OP07,2026-09-12,,0,0.97,0901.11,,17160,,
DOC-00313,LOT-2026-0033,supplier_buyer_info,1,OP07,2026-08-30,,0,0.91,,,,,
DOC-00314,LOT-2026-0033,production_record,1,,2026-08-12,,0,0.85,,ID,17400,,
DOC-00315,LOT-2026-0033,deforestation_evidence,1,,2026-08-25,,0,0.91,,ID,,,2020-04-21
DOC-00316,LOT-2026-0033,legality_land,1,,2023-08-30,2030-01-12,0,0.86,,ID,,,
DOC-00317,LOT-2026-0033,legality_env,1,,2024-12-03,2028-06-11,0,0.93,,,,,
DOC-00318,LOT-2026-0033,legality_labour_tax,1,,2025-01-02,2027-05-02,0,0.91,,,,,
DOC-00319,LOT-2026-0033,risk_assessment,1,,2026-08-26,,0,0.88,,,,negligible,
DOC-00320,LOT-2026-0033,certification,1,OP07,2025-04-10,2027-04-04,0,0.94,,,,,
DOC-00321,LOT-2026-0033,dds_statement,1,OP07,2026-09-13,,1,0.72,0901,ID,18060,,
DOC-00322,LOT-2026-0034,dds_statement,1,OP04,2026-08-16,,1,0.97,0901,ID,14640,,
DOC-00323,LOT-2026-0034,commercial_invoice,1,OP04,2026-08-11,,0,0.93,0901.11,,14640,,
DOC-00324,LOT-2026-0034,supplier_buyer_info,1,OP04,2026-07-27,,0,0.97,,,,,
DOC-00325,LOT-2026-0034,production_record,1,,2026-07-11,,0,0.96,,ID,14940,,
DOC-00326,LOT-2026-0034,deforestation_evidence,1,,2026-08-06,,0,0.97,,ID,,,2020-05-21
DOC-00327,LOT-2026-0034,legality_land,1,,2023-05-29,2028-09-23,0,0.93,,ID,,,
DOC-00328,LOT-2026-0034,legality_env,1,,2025-03-28,2027-11-26,0,0.87,,,,,
DOC-00329,LOT-2026-0034,legality_labour_tax,1,,2024-01-27,2027-07-13,0,0.85,,,,,
DOC-00330,LOT-2026-0034,risk_assessment,1,,2026-08-09,,0,0.96,,,,negligible,
DOC-00331,LOT-2026-0034,certification,1,OP04,2024-11-27,2027-01-17,0,0.87,,,,,
DOC-00332,LOT-2026-0035,dds_statement,1,OP01,2026-08-17,,1,0.95,0901,ID,12420,,
DOC-00333,LOT-2026-0035,commercial_invoice,1,OP01,2026-08-08,,0,0.91,0901.11,,12420,,
DOC-00334,LOT-2026-0035,supplier_buyer_info,1,OP01,2026-08-05,,0,0.92,,,,,
DOC-00335,LOT-2026-0035,production_record,1,,2026-07-02,,0,0.91,,ID,12480,,
DOC-00336,LOT-2026-0035,deforestation_evidence,1,,2026-07-31,,0,0.86,,ID,,,2020-11-10
DOC-00337,LOT-2026-0035,legality_env,1,,2024-04-14,2029-03-20,0,0.98,,,,,
DOC-00338,LOT-2026-0035,legality_labour_tax,1,,2024-03-03,2028-07-03,0,0.97,,,,,
DOC-00339,LOT-2026-0035,risk_assessment,1,,2026-08-10,,0,0.91,,,,negligible,
DOC-00340,LOT-2026-0035,certification,1,OP01,2025-03-30,2027-03-17,0,0.98,,,,,
DOC-00341,LOT-2026-0036,dds_statement,1,OP03,2026-08-17,,1,0.93,0901,ID,10200,,
DOC-00342,LOT-2026-0036,commercial_invoice,1,OP03,2026-08-10,,0,0.9,0901.11,,10200,,
DOC-00343,LOT-2026-0036,supplier_buyer_info,1,OP03,2026-08-01,,0,0.92,,,,,
DOC-00344,LOT-2026-0036,production_record,1,,2026-06-29,,0,0.92,,ID,10620,,
DOC-00345,LOT-2026-0036,deforestation_evidence,1,,2026-07-25,,0,0.96,,ID,,,2020-02-20
DOC-00346,LOT-2026-0036,legality_land,1,,2023-04-28,2031-09-02,0,0.94,,ID,,,
DOC-00347,LOT-2026-0036,legality_env,1,,2025-02-26,2028-12-16,0,0.95,,,,,
DOC-00348,LOT-2026-0036,legality_labour_tax,1,,2024-08-08,2028-05-14,0,0.91,,,,,
DOC-00349,LOT-2026-0036,risk_assessment,1,,2026-08-01,,0,0.88,,,,non_negligible,
DOC-00350,LOT-2026-0036,certification,1,OP03,2025-04-09,2028-02-13,0,0.91,,,,,
DOC-00351,LOT-2026-0036,risk_mitigation,1,,2026-08-05,,0,0.86,,,,,
DOC-00352,LOT-2026-0037,dds_statement,1,OP06,2026-09-23,,1,0.95,0901,ID,11700,,
DOC-00353,LOT-2026-0037,commercial_invoice,1,OP06,2026-09-14,,0,0.86,0901.11,,11700,,
DOC-00354,LOT-2026-0037,supplier_buyer_info,1,OP06,2026-09-03,,0,0.86,,,,,
DOC-00355,LOT-2026-0037,production_record,1,,2026-07-25,,0,0.86,,ID,12060,,
DOC-00356,LOT-2026-0037,deforestation_evidence,1,,2026-09-02,,0,0.93,,ID,,,2020-03-07
DOC-00357,LOT-2026-0037,legality_land,1,,2024-08-23,2031-02-24,0,0.93,,ID,,,
DOC-00358,LOT-2026-0037,legality_env,1,,2024-11-17,2027-10-04,0,0.91,,,,,
DOC-00359,LOT-2026-0037,legality_labour_tax,1,,2025-03-09,2026-05-21,0,0.99,,,,,
DOC-00360,LOT-2026-0037,risk_assessment,1,,2026-09-15,,0,0.93,,,,negligible,
DOC-00361,LOT-2026-0037,certification,1,OP06,2025-08-14,2028-06-03,0,0.88,,,,,
DOC-00362,LOT-2026-0038,dds_statement,1,OP04,2026-08-18,,1,0.87,0901,ID,18960,,
DOC-00363,LOT-2026-0038,commercial_invoice,1,OP04,2026-08-12,,0,0.93,0901.11,,18960,,
DOC-00364,LOT-2026-0038,supplier_buyer_info,1,OP04,2026-07-30,,0,0.91,,,,,
DOC-00365,LOT-2026-0038,production_record,1,,2026-07-02,,0,0.99,,ID,19440,,
DOC-00366,LOT-2026-0038,deforestation_evidence,1,,2026-07-22,,0,0.94,,ID,,,2020-01-14
DOC-00367,LOT-2026-0038,legality_land,1,,2024-11-04,2031-11-21,0,0.89,,ID,,,
DOC-00368,LOT-2026-0038,legality_env,1,,2023-07-04,2028-03-06,0,0.95,,,,,
DOC-00369,LOT-2026-0038,legality_labour_tax,1,,2024-11-12,2028-02-11,0,0.9,,,,,
DOC-00370,LOT-2026-0038,risk_assessment,1,,2026-08-07,,0,0.88,,,,negligible,
DOC-00371,LOT-2026-0038,certification,1,OP04,2025-02-14,2027-03-13,0,0.87,,,,,
DOC-00372,LOT-2026-0039,dds_statement,1,OP01,2026-08-14,,1,0.91,0901,ID,14100,,
DOC-00373,LOT-2026-0039,commercial_invoice,1,OP01,2026-08-07,,0,0.87,0901.11,,14100,,
DOC-00374,LOT-2026-0039,supplier_buyer_info,1,OP01,2026-08-03,,0,0.95,,,,,
DOC-00375,LOT-2026-0039,production_record,1,,2026-07-09,,0,0.93,,ID,14640,,
DOC-00376,LOT-2026-0039,deforestation_evidence,1,,2026-08-03,,0,0.87,,ID,,,2020-03-20
DOC-00377,LOT-2026-0039,legality_land,1,,2024-09-24,2028-04-11,0,0.94,,ID,,,
DOC-00378,LOT-2026-0039,legality_env,1,,2023-10-06,2028-08-27,0,0.94,,,,,
DOC-00379,LOT-2026-0039,legality_labour_tax,1,,2025-05-12,2028-11-11,0,0.91,,,,,
DOC-00380,LOT-2026-0039,risk_assessment,1,,2026-08-02,,0,0.89,,,,negligible,
DOC-00381,LOT-2026-0040,dds_statement,1,OP02,2026-09-02,,1,0.94,0901,ID,7680,,
DOC-00382,LOT-2026-0040,commercial_invoice,1,OP02,2026-08-24,,0,0.92,0901.11,,7680,,
DOC-00383,LOT-2026-0040,supplier_buyer_info,1,OP02,2026-08-22,,0,0.86,,,,,
DOC-00384,LOT-2026-0040,production_record,1,,2026-07-25,,0,0.99,,ID,8040,,
DOC-00385,LOT-2026-0040,deforestation_evidence,1,,2026-08-22,,0,0.88,,ID,,,2020-01-04
DOC-00386,LOT-2026-0040,legality_land,1,,2023-08-05,2028-10-08,0,0.96,,ID,,,
DOC-00387,LOT-2026-0040,legality_env,1,,2023-10-24,2028-05-01,0,0.87,,,,,
DOC-00388,LOT-2026-0040,legality_labour_tax,1,,2025-05-24,2028-05-14,0,0.87,,,,,
DOC-00389,LOT-2026-0040,risk_assessment,1,,2026-08-17,,0,0.9,,,,negligible,
DOC-00390,LOT-2026-0041,dds_statement,1,OP06,2026-08-15,,1,0.91,0901,ID,19200,,
DOC-00391,LOT-2026-0041,commercial_invoice,1,OP06,2026-08-06,,0,0.98,0901.11,,19200,,
DOC-00392,LOT-2026-0041,supplier_buyer_info,1,OP06,2026-07-26,,0,0.89,,,,,
DOC-00393,LOT-2026-0041,production_record,1,,2026-06-23,,0,0.93,,ID,19560,,
DOC-00394,LOT-2026-0041,deforestation_evidence,1,,2026-07-23,,0,0.87,,ID,,,2020-05-28
DOC-00395,LOT-2026-0041,legality_land,1,,2023-01-22,2029-10-27,0,0.87,,ID,,,
DOC-00396,LOT-2026-0041,legality_env,1,,2024-09-24,2026-02-05,0,0.97,,,,,
DOC-00397,LOT-2026-0041,legality_labour_tax,1,,2025-01-05,2027-05-30,0,0.91,,,,,
DOC-00398,LOT-2026-0041,risk_assessment,1,,2026-08-09,,0,0.86,,,,negligible,
DOC-00399,LOT-2026-0041,certification,1,OP06,2025-02-14,2028-06-20,0,0.86,,,,,
DOC-00400,LOT-2026-0042,dds_statement,1,OP06,2026-08-26,,0,0.92,0901,ID,17940,,
DOC-00401,LOT-2026-0042,commercial_invoice,1,OP06,2026-08-23,,0,0.92,0901.11,,17940,,
DOC-00402,LOT-2026-0042,supplier_buyer_info,1,OP06,2026-08-16,,0,0.98,,,,,
DOC-00403,LOT-2026-0042,production_record,1,,2026-07-22,,0,0.9,,ID,18240,,
DOC-00404,LOT-2026-0042,deforestation_evidence,1,,2026-08-12,,0,0.86,,ID,,,2020-04-30
DOC-00405,LOT-2026-0042,legality_land,1,,2023-09-20,2029-02-08,0,0.87,,ID,,,
DOC-00406,LOT-2026-0042,legality_env,1,,2023-06-06,2029-07-18,0,0.96,,,,,
DOC-00407,LOT-2026-0042,legality_labour_tax,1,,2024-03-18,2027-08-29,0,0.98,,,,,
DOC-00408,LOT-2026-0042,risk_assessment,1,,2026-08-19,,0,0.94,,,,negligible,
DOC-00409,LOT-2026-0042,certification,1,OP06,2025-07-31,2028-08-16,0,0.91,,,,,
DOC-00410,LOT-2026-0043,dds_statement,1,OP06,2026-09-21,,1,0.92,0901,ID,8280,,
DOC-00411,LOT-2026-0043,commercial_invoice,1,OP06,2026-09-15,,0,0.96,0901.11,,9960,,
DOC-00412,LOT-2026-0043,supplier_buyer_info,1,OP06,2026-09-05,,0,0.86,,,,,
DOC-00413,LOT-2026-0043,production_record,1,,2026-08-08,,0,0.86,,ID,8760,,
DOC-00414,LOT-2026-0043,deforestation_evidence,1,,2026-08-28,,0,0.86,,ID,,,2020-08-19
DOC-00415,LOT-2026-0043,legality_land,1,,2024-01-13,2029-08-10,0,0.86,,ID,,,
DOC-00416,LOT-2026-0043,legality_env,1,,2025-06-03,2029-10-23,0,0.86,,,,,
DOC-00417,LOT-2026-0043,legality_labour_tax,1,,2025-08-31,2028-08-01,0,0.9,,,,,
DOC-00418,LOT-2026-0043,risk_assessment,1,,2026-09-14,,0,0.93,,,,negligible,
DOC-00419,LOT-2026-0044,dds_statement,1,OP01,2026-09-05,,1,0.9,0901,ID,14760,,
DOC-00420,LOT-2026-0044,commercial_invoice,1,OP01,2026-08-27,,0,0.92,0901.11,,14760,,
DOC-00421,LOT-2026-0044,supplier_buyer_info,1,OP01,2026-08-29,,0,0.91,,,,,
DOC-00422,LOT-2026-0044,production_record,1,,2026-07-17,,0,0.99,,ID,15060,,
DOC-00423,LOT-2026-0044,deforestation_evidence,1,,2026-08-24,,0,0.94,,ID,,,2020-09-15
DOC-00424,LOT-2026-0044,legality_land,1,,2023-02-10,2029-05-22,0,0.95,,ID,,,
DOC-00425,LOT-2026-0044,legality_env,1,,2024-03-25,2028-11-18,0,0.92,,,,,
DOC-00426,LOT-2026-0044,legality_labour_tax,1,,2024-06-11,2028-03-07,0,0.9,,,,,
DOC-00427,LOT-2026-0044,risk_assessment,1,,2026-08-27,,0,0.89,,,,negligible,
DOC-00428,LOT-2026-0044,certification,1,OP01,2024-12-12,2028-11-26,0,0.93,,,,,
DOC-00429,LOT-2026-0045,dds_statement,1,OP06,2026-08-16,,1,0.9,0901,ID,7440,,
DOC-00430,LOT-2026-0045,commercial_invoice,1,OP06,2026-08-10,,0,0.95,0901.11,,7440,,
DOC-00431,LOT-2026-0045,supplier_buyer_info,1,OP06,2026-07-30,,0,0.99,,,,,
DOC-00432,LOT-2026-0045,production_record,1,,2026-06-30,,0,0.97,,ID,7980,,
DOC-00433,LOT-2026-0045,deforestation_evidence,1,,2026-07-27,,0,0.93,,ID,,,2021-05-07
DOC-00434,LOT-2026-0045,legality_land,1,,2023-05-25,2029-12-17,0,0.89,,ID,,,
DOC-00435,LOT-2026-0045,legality_env,1,,2024-11-02,2029-05-16,0,0.94,,,,,
DOC-00436,LOT-2026-0045,legality_labour_tax,1,,2024-05-12,2028-10-30,0,0.95,,,,,
DOC-00437,LOT-2026-0045,risk_assessment,1,,2026-07-31,,0,0.86,,,,negligible,
DOC-00438,LOT-2026-0045,certification,1,OP06,2024-12-02,2027-05-11,0,0.94,,,,,
DOC-00439,LOT-2026-0046,dds_statement,1,OP07,2026-09-13,,1,0.88,0901,ID,6240,,
DOC-00440,LOT-2026-0046,commercial_invoice,1,OP07,2026-09-08,,0,0.9,0901.11,,6240,,
DOC-00441,LOT-2026-0046,supplier_buyer_info,1,OP07,2026-08-25,,0,0.92,,,,,
DOC-00442,LOT-2026-0046,production_record,1,,2026-08-03,,0,0.99,,ID,6420,,
DOC-00443,LOT-2026-0046,deforestation_evidence,1,,2026-08-30,,0,0.89,,ID,,,2020-02-09
DOC-00444,LOT-2026-0046,legality_land,1,,2025-03-18,2028-07-26,0,0.92,,ID,,,
DOC-00445,LOT-2026-0046,legality_env,1,,2024-07-06,2029-10-03,0,0.95,,,,,
DOC-00446,LOT-2026-0046,legality_labour_tax,1,,2025-06-23,2027-04-08,0,0.94,,,,,
DOC-00447,LOT-2026-0046,risk_assessment,1,,2026-09-03,,0,0.97,,,,negligible,
DOC-00448,LOT-2026-0047,dds_statement,1,OP07,2026-08-22,,1,0.96,0901,ID,8760,,
DOC-00449,LOT-2026-0047,commercial_invoice,1,OP07,2026-08-18,,0,0.95,1801.00,,8760,,
DOC-00450,LOT-2026-0047,supplier_buyer_info,1,OP07,2026-08-15,,0,0.91,,,,,
DOC-00451,LOT-2026-0047,production_record,1,,2026-06-27,,0,0.95,,ID,9360,,
DOC-00452,LOT-2026-0047,deforestation_evidence,1,,2026-07-29,,0,0.89,,ID,,,2020-11-08
DOC-00453,LOT-2026-0047,legality_land,1,,2025-02-05,2030-07-08,0,0.88,,ID,,,
DOC-00454,LOT-2026-0047,legality_env,1,,2023-09-02,2028-04-12,0,0.99,,,,,
DOC-00455,LOT-2026-0047,legality_labour_tax,1,,2025-04-25,2027-09-15,0,0.9,,,,,
DOC-00456,LOT-2026-0047,risk_assessment,1,,2026-08-05,,0,0.98,,,,negligible,
DOC-00457,LOT-2026-0048,dds_statement,1,OP08,2026-08-26,,1,0.91,0901,ID,11820,,
DOC-00458,LOT-2026-0048,commercial_invoice,1,OP08,2026-08-22,,0,0.96,0901.11,,11820,,
DOC-00459,LOT-2026-0048,supplier_buyer_info,1,OP08,2026-08-07,,0,0.93,,,,,
DOC-00460,LOT-2026-0048,production_record,1,,2026-07-11,,0,0.86,,ID,12060,,
DOC-00461,LOT-2026-0048,deforestation_evidence,1,,2026-08-01,,0,0.93,,ID,,,2020-07-09
DOC-00462,LOT-2026-0048,legality_land,1,,2023-04-16,2031-12-27,0,0.97,,ID,,,
DOC-00463,LOT-2026-0048,legality_env,1,,2025-05-21,2027-10-06,0,0.89,,,,,
DOC-00464,LOT-2026-0048,legality_labour_tax,1,,2024-06-13,2027-12-05,0,0.91,,,,,
DOC-00465,LOT-2026-0048,risk_assessment,1,,2026-08-12,,0,0.92,,,,negligible,
DOC-00466,LOT-2026-0049,dds_statement,2,OP02,2026-08-22,,1,0.98,0901,ID,12900,,
DOC-00467,LOT-2026-0049,commercial_invoice,1,OP02,2026-08-14,,0,0.86,0901.11,,12900,,
DOC-00468,LOT-2026-0049,supplier_buyer_info,1,OP02,2026-08-07,,0,0.9,,,,,
DOC-00469,LOT-2026-0049,production_record,1,,2026-06-25,,0,0.99,,ID,13260,,
DOC-00470,LOT-2026-0049,deforestation_evidence,1,,2026-08-01,,0,0.85,,ID,,,2020-04-24
DOC-00471,LOT-2026-0049,legality_land,1,,2023-04-12,2031-08-24,0,0.9,,ID,,,
DOC-00472,LOT-2026-0049,legality_env,1,,2023-05-30,2027-10-19,0,0.86,,,,,
DOC-00473,LOT-2026-0049,legality_labour_tax,1,,2025-04-28,2027-07-21,0,0.96,,,,,
DOC-00474,LOT-2026-0049,risk_assessment,1,,2026-08-11,,0,0.92,,,,negligible,
DOC-00475,LOT-2026-0049,dds_statement,1,OP02,2026-08-20,,1,0.72,0901,ID,13680,,
DOC-00476,LOT-2026-0050,dds_statement,1,OP04,2026-08-19,,1,0.91,0901,ID,17160,,
DOC-00477,LOT-2026-0050,commercial_invoice,1,OP04,2026-08-13,,0,0.88,0901.11,,17160,,
DOC-00478,LOT-2026-0050,supplier_buyer_info,1,OP04,2026-08-11,,0,0.86,,,,,
DOC-00479,LOT-2026-0050,production_record,1,,2026-07-01,,0,0.94,,ID,17520,,
DOC-00480,LOT-2026-0050,deforestation_evidence,1,,2026-07-26,,0,0.87,,ID,,,2020-02-02
DOC-00481,LOT-2026-0050,legality_land,1,,2024-05-26,2031-05-07,0,0.93,,ID,,,
DOC-00482,LOT-2026-0050,legality_env,1,,2024-10-09,2028-11-09,0,0.93,,,,,
DOC-00483,LOT-2026-0050,legality_labour_tax,1,,2024-05-27,2027-12-24,0,0.91,,,,,
DOC-00484,LOT-2026-0050,risk_assessment,1,,2026-08-05,,0,0.94,,,,negligible,
DOC-00485,LOT-2026-0050,certification,1,OP04,2025-03-02,2027-07-11,0,0.94,,,,,
DOC-00486,LOT-2026-0051,dds_statement,1,OP02,2026-09-14,,1,0.93,0901,ID,7020,,
DOC-00487,LOT-2026-0051,commercial_invoice,1,OP02,2026-09-12,,0,0.9,0901.11,,7020,,
DOC-00488,LOT-2026-0051,supplier_buyer_info,1,OP02,2026-08-31,,0,0.86,,,,,
DOC-00489,LOT-2026-0051,production_record,1,,2026-07-16,,0,0.99,,ID,7380,,
DOC-00490,LOT-2026-0051,deforestation_evidence,1,,2026-08-27,,0,0.9,,ID,,,2020-01-09
DOC-00491,LOT-2026-0051,legality_land,1,,2023-03-11,2029-12-07,0,0.88,,ID,,,
DOC-00492,LOT-2026-0051,legality_env,1,,2024-11-03,2029-03-05,0,0.86,,,,,
DOC-00493,LOT-2026-0051,legality_labour_tax,1,,2025-08-18,2028-02-04,0,0.87,,,,,
DOC-00494,LOT-2026-0051,risk_assessment,1,,2026-08-31,,0,0.9,,,,negligible,
DOC-00495,LOT-2026-0051,certification,1,OP02,2024-06-28,2028-12-02,0,0.92,,,,,
DOC-00496,LOT-2026-0052,dds_statement,1,OP08,2026-09-22,,1,0.95,0901,ID,18420,,
DOC-00497,LOT-2026-0052,commercial_invoice,1,OP08,2026-09-13,,0,0.86,0901.11,,19200,,
DOC-00498,LOT-2026-0052,supplier_buyer_info,1,OP08,2026-09-12,,0,0.86,,,,,
DOC-00499,LOT-2026-0052,production_record,1,,2026-08-19,,0,0.97,,ID,18600,,
DOC-00500,LOT-2026-0052,deforestation_evidence,1,,2026-09-02,,0,0.92,,ID,,,2020-06-07
DOC-00501,LOT-2026-0052,legality_land,1,,2025-04-14,2031-01-17,0,0.92,,ID,,,
DOC-00502,LOT-2026-0052,legality_env,1,,2023-02-07,2029-07-11,0,0.94,,,,,
DOC-00503,LOT-2026-0052,legality_labour_tax,1,,2024-10-19,2028-02-29,0,0.97,,,,,
DOC-00504,LOT-2026-0052,risk_assessment,1,,2026-09-15,,0,0.86,,,,negligible,
DOC-00505,LOT-2026-0053,dds_statement,1,OP02,2026-09-03,,1,0.98,0901,ID,12120,,
DOC-00506,LOT-2026-0053,commercial_invoice,1,OP02,2026-08-26,,0,0.9,0901.11,,12120,,
DOC-00507,LOT-2026-0053,supplier_buyer_info,1,OP02,2026-08-25,,0,0.92,,,,,
DOC-00508,LOT-2026-0053,production_record,1,,2026-07-12,,0,0.9,,ID,12540,,
DOC-00509,LOT-2026-0053,deforestation_evidence,1,,2026-08-08,,0,0.96,,ID,,,2020-05-16
DOC-00510,LOT-2026-0053,legality_land,1,,2025-01-14,2030-05-19,0,0.86,,ID,,,
DOC-00511,LOT-2026-0053,legality_env,1,,2024-09-08,2029-09-20,0,0.88,,,,,
DOC-00512,LOT-2026-0053,legality_labour_tax,1,,2024-10-27,2028-01-23,0,0.86,,,,,
DOC-00513,LOT-2026-0053,risk_assessment,1,,2026-08-21,,0,0.9,,,,negligible,
DOC-00514,LOT-2026-0053,certification,1,OP02,2025-04-01,2028-09-09,0,0.95,,,,,
DOC-00515,LOT-2026-0054,dds_statement,1,OP03,2026-09-24,,1,0.95,0901,ID,11340,,
DOC-00516,LOT-2026-0054,commercial_invoice,1,OP03,2026-09-17,,0,0.94,0901.11,,11340,,
DOC-00517,LOT-2026-0054,supplier_buyer_info,1,OP03,2026-09-11,,0,0.89,,,,,
DOC-00518,LOT-2026-0054,production_record,1,,2026-08-11,,0,0.86,,ID,11340,,
DOC-00519,LOT-2026-0054,deforestation_evidence,1,,2026-09-02,,0,0.92,,ID,,,2020-07-05
DOC-00520,LOT-2026-0054,legality_env,1,,2023-02-01,2027-10-25,0,0.97,,,,,
DOC-00521,LOT-2026-0054,legality_labour_tax,1,,2025-03-24,2027-04-05,0,0.87,,,,,
DOC-00522,LOT-2026-0054,risk_assessment,1,,2026-09-18,,0,0.88,,,,negligible,
DOC-00523,LOT-2026-0055,dds_statement,1,OP07,2026-09-19,,1,0.91,0901,ID,15240,,
DOC-00524,LOT-2026-0055,commercial_invoice,1,OP07,2026-09-12,,0,0.9,0901.11,,15240,,
DOC-00525,LOT-2026-0055,supplier_buyer_info,1,OP07,2026-08-31,,0,0.86,,,,,
DOC-00526,LOT-2026-0055,production_record,1,,2026-08-16,,0,0.92,,ID,15360,,
DOC-00527,LOT-2026-0055,deforestation_evidence,1,,2026-08-28,,0,0.94,,ID,,,2020-06-09
DOC-00528,LOT-2026-0055,legality_land,1,,2023-09-13,2028-08-20,0,0.85,,ID,,,
DOC-00529,LOT-2026-0055,legality_env,1,,2023-07-10,2028-10-24,0,0.92,,,,,
DOC-00530,LOT-2026-0055,legality_labour_tax,1,,2025-07-29,2027-06-29,0,0.89,,,,,
DOC-00531,LOT-2026-0055,risk_assessment,1,,2026-09-03,,0,0.89,,,,negligible,
DOC-00532,LOT-2026-0055,certification,1,OP07,2025-09-18,2027-10-20,0,0.95,,,,,
DOC-00533,LOT-2026-0056,dds_statement,1,OP08,2026-08-26,,1,0.91,0901,ID,8040,,
DOC-00534,LOT-2026-0056,commercial_invoice,1,OP08,2026-08-17,,0,0.99,0901.11,,8040,,
DOC-00535,LOT-2026-0056,supplier_buyer_info,1,OP08,2026-08-07,,0,0.95,,,,,
DOC-00536,LOT-2026-0056,production_record,1,,2026-06-30,,0,0.94,,ID,8340,,
DOC-00537,LOT-2026-0056,deforestation_evidence,1,,2026-08-14,,0,0.93,,ID,,,2020-10-08
DOC-00538,LOT-2026-0056,legality_land,1,,2023-11-04,2028-11-18,0,0.95,,ID,,,
DOC-00539,LOT-2026-0056,legality_env,1,,2024-12-18,2029-03-15,0,0.87,,,,,
DOC-00540,LOT-2026-0056,legality_labour_tax,1,,2025-01-05,2028-08-02,0,0.88,,,,,
DOC-00541,LOT-2026-0056,risk_assessment,1,,2026-08-19,,0,0.99,,,,negligible,
DOC-00542,LOT-2026-0057,dds_statement,1,OP04,2026-09-14,,1,0.9,0901,ID,11520,,
DOC-00543,LOT-2026-0057,commercial_invoice,1,OP04,2026-09-10,,0,0.94,0901.11,,11520,,
DOC-00544,LOT-2026-0057,supplier_buyer_info,1,OP04,2026-09-06,,0,0.86,,,,,
DOC-00545,LOT-2026-0057,production_record,1,,2026-07-29,,0,0.99,,ID,11880,,
DOC-00546,LOT-2026-0057,deforestation_evidence,1,,2026-08-20,,0,0.91,,ID,,,2020-09-26
DOC-00547,LOT-2026-0057,legality_land,1,,2024-02-24,2031-03-23,0,0.86,,ID,,,
DOC-00548,LOT-2026-0057,legality_env,1,,2023-11-21,2029-03-19,0,0.86,,,,,
DOC-00549,LOT-2026-0057,legality_labour_tax,1,,2025-04-22,2028-08-11,0,0.9,,,,,
DOC-00550,LOT-2026-0057,risk_assessment,1,,2026-08-30,,0,0.97,,,,negligible,
DOC-00551,LOT-2026-0058,dds_statement,1,OP03,2026-08-19,,1,0.86,0901,ID,13680,,
DOC-00552,LOT-2026-0058,commercial_invoice,1,OP03,2026-08-16,,0,0.92,0901.11,,13680,,
DOC-00553,LOT-2026-0058,supplier_buyer_info,1,OP03,2026-08-08,,0,0.87,,,,,
DOC-00554,LOT-2026-0058,production_record,1,,2026-06-21,,0,0.98,,ID,13980,,
DOC-00555,LOT-2026-0058,deforestation_evidence,1,,2026-08-02,,0,0.98,,ID,,,2020-06-26
DOC-00556,LOT-2026-0058,legality_land,1,,2024-06-15,2029-08-04,0,0.97,,ID,,,
DOC-00557,LOT-2026-0058,legality_env,1,,2023-09-14,2027-12-19,0,0.94,,,,,
DOC-00558,LOT-2026-0058,legality_labour_tax,1,,2025-07-18,2027-12-07,0,0.87,,,,,
DOC-00559,LOT-2026-0058,risk_assessment,1,,2026-07-31,,0,0.89,,,,negligible,
DOC-00560,LOT-2026-0058,certification,1,OP03,2025-05-29,2028-10-18,0,0.87,,,,,
DOC-00561,LOT-2026-0059,dds_statement,1,OP03,2026-08-19,,1,0.93,0901,ID,15540,,
DOC-00562,LOT-2026-0059,commercial_invoice,1,OP03,2026-08-17,,0,0.97,0901.11,,15540,,
DOC-00563,LOT-2026-0059,supplier_buyer_info,1,OP03,2026-08-12,,0,0.86,,,,,
DOC-00564,LOT-2026-0059,production_record,1,,2026-06-27,,0,0.96,,ID,15420,,
DOC-00565,LOT-2026-0059,deforestation_evidence,1,,2026-08-01,,0,0.88,,ID,,,2020-11-29
DOC-00566,LOT-2026-0059,legality_land,1,,2024-08-08,2030-05-03,0,0.94,,ID,,,
DOC-00567,LOT-2026-0059,legality_env,1,,2023-02-01,2028-10-22,0,0.97,,,,,
DOC-00568,LOT-2026-0059,legality_labour_tax,1,,2025-07-12,2027-12-22,0,0.94,,,,,
DOC-00569,LOT-2026-0059,risk_assessment,1,,2026-07-30,,0,0.89,,,,negligible,
DOC-00570,LOT-2026-0059,certification,1,OP03,2025-02-19,2027-11-01,0,0.91,,,,,
DOC-00571,LOT-2026-0060,dds_statement,1,OP03,2026-09-08,,1,0.9,0901,ID,13380,,
DOC-00572,LOT-2026-0060,commercial_invoice,1,OP03,2026-09-04,,0,0.89,0901.11,,13380,,
DOC-00573,LOT-2026-0060,supplier_buyer_info,1,OP03,2026-08-21,,0,0.89,,,,,
DOC-00574,LOT-2026-0060,production_record,2,,2026-07-26,,0,0.99,,ID,13680,,
DOC-00575,LOT-2026-0060,deforestation_evidence,1,,2026-08-25,,0,0.92,,ID,,,2020-07-08
DOC-00576,LOT-2026-0060,legality_land,1,,2023-04-19,2029-10-15,0,0.88,,ID,,,
DOC-00577,LOT-2026-0060,legality_env,1,,2023-05-06,2028-02-29,0,0.91,,,,,
DOC-00578,LOT-2026-0060,legality_labour_tax,1,,2024-05-24,2027-06-08,0,0.86,,,,,
DOC-00579,LOT-2026-0060,risk_assessment,1,,2026-08-30,,0,0.98,,,,negligible,
DOC-00580,LOT-2026-0060,production_record,1,,2026-07-21,,0,0.72,,ID,13020,,
DOC-00581,LOT-2026-0061,dds_statement,1,OP06,2026-09-14,,1,0.87,0901,ID,10800,,
DOC-00582,LOT-2026-0061,commercial_invoice,1,OP06,2026-09-05,,0,0.92,0901.11,,10800,,
DOC-00583,LOT-2026-0061,supplier_buyer_info,1,OP06,2026-09-03,,0,0.92,,,,,
DOC-00584,LOT-2026-0061,production_record,1,,2026-08-09,,0,0.98,,ID,10860,,
DOC-00585,LOT-2026-0061,deforestation_evidence,1,,2026-08-19,,0,0.99,,ID,,,2020-08-22
DOC-00586,LOT-2026-0061,legality_env,1,,2023-02-21,2028-03-15,0,0.92,,,,,
DOC-00587,LOT-2026-0061,legality_labour_tax,1,,2025-04-26,2027-12-18,0,0.93,,,,,
DOC-00588,LOT-2026-0061,risk_assessment,1,,2026-08-27,,0,0.97,,,,negligible,
DOC-00589,LOT-2026-0061,certification,1,OP06,2024-09-27,2028-01-10,0,0.96,,,,,
DOC-00590,LOT-2026-0062,dds_statement,1,OP01,2026-09-08,,0,0.9,0901,ID,14700,,
DOC-00591,LOT-2026-0062,commercial_invoice,1,OP01,2026-09-02,,0,0.86,0901.11,,14700,,
DOC-00592,LOT-2026-0062,supplier_buyer_info,1,OP01,2026-08-24,,0,0.91,,,,,
DOC-00593,LOT-2026-0062,production_record,1,,2026-07-23,,0,0.89,,ID,15180,,
DOC-00594,LOT-2026-0062,deforestation_evidence,1,,2026-08-26,,0,0.99,,ID,,,2020-03-06
DOC-00595,LOT-2026-0062,legality_land,1,,2024-02-08,2030-02-03,0,0.96,,ID,,,
DOC-00596,LOT-2026-0062,legality_env,1,,2023-12-14,2028-12-23,0,0.98,,,,,
DOC-00597,LOT-2026-0062,legality_labour_tax,1,,2024-05-27,2027-09-20,0,0.93,,,,,
DOC-00598,LOT-2026-0062,risk_assessment,1,,2026-08-30,,0,0.91,,,,negligible,
DOC-00599,LOT-2026-0062,certification,1,OP01,2024-02-09,2027-05-21,0,0.95,,,,,
DOC-00600,LOT-2026-0063,dds_statement,1,OP08,2026-09-13,,1,0.92,0901,ID,8280,,
DOC-00601,LOT-2026-0063,commercial_invoice,1,OP08,2026-09-06,,0,0.98,0901.11,,8280,,
DOC-00602,LOT-2026-0063,supplier_buyer_info,1,OP08,2026-09-01,,0,0.87,,,,,
DOC-00603,LOT-2026-0063,production_record,1,,2026-07-26,,0,0.95,,ID,8820,,
DOC-00604,LOT-2026-0063,deforestation_evidence,1,,2026-08-25,,0,0.9,,ID,,,2020-10-30
DOC-00605,LOT-2026-0063,legality_land,1,,2025-04-28,2030-11-09,0,0.92,,ID,,,
DOC-00606,LOT-2026-0063,legality_env,1,,2024-12-26,2028-12-28,0,0.89,,,,,
DOC-00607,LOT-2026-0063,legality_labour_tax,1,,2024-01-18,2028-03-12,0,0.9,,,,,
DOC-00608,LOT-2026-0063,risk_assessment,1,,2026-08-24,,0,0.87,,,,negligible,
DOC-00609,LOT-2026-0063,certification,1,OP08,2024-11-11,2028-12-05,0,0.94,,,,,
DOC-00610,LOT-2026-0064,dds_statement,1,OP08,2026-08-25,,1,0.52,0901,ID,18000,,
DOC-00611,LOT-2026-0064,commercial_invoice,1,OP08,2026-08-23,,0,0.93,0901.11,,18000,,
DOC-00612,LOT-2026-0064,supplier_buyer_info,1,OP08,2026-08-16,,0,0.92,,,,,
DOC-00613,LOT-2026-0064,production_record,1,,2026-07-02,,0,0.96,,ID,18540,,
DOC-00614,LOT-2026-0064,deforestation_evidence,1,,2026-08-03,,0,0.97,,ID,,,2020-03-16
DOC-00615,LOT-2026-0064,legality_land,1,,2023-09-06,2028-03-05,0,0.93,,ID,,,
DOC-00616,LOT-2026-0064,legality_env,1,,2024-12-18,2027-09-21,0,0.88,,,,,
DOC-00617,LOT-2026-0064,legality_labour_tax,1,,2025-03-27,2028-01-16,0,0.91,,,,,
DOC-00618,LOT-2026-0064,risk_assessment,1,,2026-08-10,,0,0.91,,,,negligible,
DOC-00619,LOT-2026-0064,certification,1,OP08,2025-05-28,2028-09-18,0,0.98,,,,,
DOC-00620,LOT-2026-0065,dds_statement,1,OP03,2026-09-15,,1,0.92,0901,ID,14580,,
DOC-00621,LOT-2026-0065,commercial_invoice,1,OP03,2026-09-07,,0,0.89,0901.11,,14580,,
DOC-00622,LOT-2026-0065,supplier_buyer_info,1,OP03,2026-09-06,,0,0.91,,,,,
DOC-00623,LOT-2026-0065,production_record,1,,2026-08-06,,0,0.9,,ID,15060,,
DOC-00624,LOT-2026-0065,legality_land,1,,2025-01-08,2031-10-26,0,0.94,,ID,,,
DOC-00625,LOT-2026-0065,legality_env,1,,2024-12-10,2028-02-26,0,0.94,,,,,
DOC-00626,LOT-2026-0065,legality_labour_tax,1,,2024-07-15,2027-11-08,0,0.89,,,,,
DOC-00627,LOT-2026-0065,risk_assessment,1,,2026-08-30,,0,0.89,,,,negligible,
DOC-00628,LOT-2026-0066,dds_statement,1,OP05,2026-08-22,,1,0.92,0901,ID,16800,,
DOC-00629,LOT-2026-0066,commercial_invoice,1,OP05,2026-08-16,,0,0.89,0901.11,,16800,,
DOC-00630,LOT-2026-0066,supplier_buyer_info,1,OP05,2026-08-06,,0,0.94,,,,,
DOC-00631,LOT-2026-0066,production_record,1,,2026-07-08,,0,0.98,,ID,16800,,
DOC-00632,LOT-2026-0066,deforestation_evidence,1,,2026-07-31,,0,0.98,,ID,,,2020-12-31
DOC-00633,LOT-2026-0066,legality_land,1,,2025-04-03,2028-10-26,0,0.89,,ID,,,
DOC-00634,LOT-2026-0066,legality_env,1,,2023-10-22,2029-06-01,0,0.86,,,,,
DOC-00635,LOT-2026-0066,legality_labour_tax,1,,2025-03-28,2028-12-31,0,0.89,,,,,
DOC-00636,LOT-2026-0066,risk_assessment,1,,2026-08-11,,0,0.92,,,,negligible,
DOC-00637,LOT-2026-0066,certification,1,OP05,2025-07-05,2027-10-05,0,0.98,,,,,
DOC-00638,LOT-2026-0067,commercial_invoice,1,OP05,2026-08-20,,0,0.94,0901.11,,15420,,
DOC-00639,LOT-2026-0067,supplier_buyer_info,1,OP05,2026-08-07,,0,0.88,,,,,
DOC-00640,LOT-2026-0067,production_record,1,,2026-06-30,,0,0.86,,ID,15600,,
DOC-00641,LOT-2026-0067,deforestation_evidence,1,,2026-07-30,,0,0.95,,ID,,,2020-06-18
DOC-00642,LOT-2026-0067,legality_land,1,,2023-04-13,2031-10-27,0,0.96,,ID,,,
DOC-00643,LOT-2026-0067,legality_env,1,,2023-01-06,2028-12-15,0,0.99,,,,,
DOC-00644,LOT-2026-0067,legality_labour_tax,1,,2024-06-10,2028-04-20,0,0.94,,,,,
DOC-00645,LOT-2026-0067,risk_assessment,1,,2026-08-07,,0,0.97,,,,negligible,
DOC-00646,LOT-2026-0067,certification,1,OP05,2024-07-23,2027-10-22,0,0.89,,,,,
DOC-00647,LOT-2026-0068,dds_statement,1,OP02,2026-09-20,,1,0.95,0901,ID,9540,,
DOC-00648,LOT-2026-0068,commercial_invoice,1,OP02,2026-09-18,,0,0.98,0901.11,,9540,,
DOC-00649,LOT-2026-0068,supplier_buyer_info,1,OP02,2026-09-11,,0,0.91,,,,,
DOC-00650,LOT-2026-0068,production_record,1,,2026-08-04,,0,0.98,,ID,9660,,
DOC-00651,LOT-2026-0068,deforestation_evidence,1,,2026-09-09,,0,0.96,,ID,,,2020-07-22
DOC-00652,LOT-2026-0068,legality_land,1,,2023-07-10,2029-08-15,0,0.97,,ID,,,
DOC-00653,LOT-2026-0068,legality_env,1,,2023-01-10,2028-04-01,0,0.93,,,,,
DOC-00654,LOT-2026-0068,legality_labour_tax,1,,2024-04-19,2028-02-07,0,0.89,,,,,
DOC-00655,LOT-2026-0068,risk_assessment,1,,2026-09-03,,0,0.99,,,,negligible,
DOC-00656,LOT-2026-0068,certification,1,OP02,2025-05-20,2027-05-18,0,0.97,,,,,
DOC-00657,LOT-2026-0069,dds_statement,1,OP08,2026-08-30,,1,0.87,0901,ID,18420,,
DOC-00658,LOT-2026-0069,commercial_invoice,1,OP08,2026-08-21,,0,0.94,0901.11,,18420,,
DOC-00659,LOT-2026-0069,supplier_buyer_info,1,OP08,2026-08-12,,0,0.88,,,,,
DOC-00660,LOT-2026-0069,production_record,1,,2026-07-28,,0,0.96,,ID,18720,,
DOC-00661,LOT-2026-0069,deforestation_evidence,1,,2026-08-02,,0,0.96,,ID,,,2020-12-11
DOC-00662,LOT-2026-0069,legality_land,1,,2023-06-29,2031-06-05,0,0.97,,ID,,,
DOC-00663,LOT-2026-0069,legality_env,1,,2024-02-20,2029-09-24,0,0.91,,,,,
DOC-00664,LOT-2026-0069,legality_labour_tax,1,,2024-12-01,2027-05-28,0,0.91,,,,,
DOC-00665,LOT-2026-0069,risk_assessment,1,,2026-08-19,,0,0.86,,,,negligible,
DOC-00666,LOT-2026-0070,dds_statement,1,OP08,2026-09-02,,1,0.88,0901,ID,6060,,
DOC-00667,LOT-2026-0070,commercial_invoice,1,OP08,2026-08-27,,0,0.98,0901.11,,6060,,
DOC-00668,LOT-2026-0070,supplier_buyer_info,1,OP08,2026-08-22,,0,0.93,,,,,
DOC-00669,LOT-2026-0070,production_record,2,,2026-07-26,,0,0.85,,ID,6600,,
DOC-00670,LOT-2026-0070,deforestation_evidence,1,,2026-08-12,,0,0.88,,ID,,,2020-12-20
DOC-00671,LOT-2026-0070,legality_land,1,,2024-11-14,2028-08-30,0,0.92,,ID,,,
DOC-00672,LOT-2026-0070,legality_env,1,,2023-06-13,2028-07-20,0,0.95,,,,,
DOC-00673,LOT-2026-0070,legality_labour_tax,1,,2024-11-14,2027-06-29,0,0.94,,,,,
DOC-00674,LOT-2026-0070,risk_assessment,1,,2026-08-21,,0,0.98,,,,negligible,
DOC-00675,LOT-2026-0070,certification,1,OP08,2024-08-14,2027-08-13,0,0.98,,,,,
DOC-00676,LOT-2026-0070,production_record,1,,2026-07-22,,0,0.72,,ID,5160,,
DOC-00677,LOT-2026-0071,dds_statement,1,OP06,2026-09-04,,1,0.96,0901,ID,14400,,
DOC-00678,LOT-2026-0071,commercial_invoice,1,OP06,2026-08-30,,0,0.96,0901.11,,14400,,
DOC-00679,LOT-2026-0071,supplier_buyer_info,1,OP06,2026-08-18,,0,0.96,,,,,
DOC-00680,LOT-2026-0071,production_record,1,,2026-07-07,,0,0.92,,ID,14460,,
DOC-00681,LOT-2026-0071,deforestation_evidence,1,,2026-08-09,,0,0.9,,ID,,,2020-12-26
DOC-00682,LOT-2026-0071,legality_land,1,,2024-07-31,2028-08-17,0,0.86,,ID,,,
DOC-00683,LOT-2026-0071,legality_env,1,,2024-07-14,2029-12-11,0,0.92,,,,,
DOC-00684,LOT-2026-0071,legality_labour_tax,1,,2025-08-09,2028-08-31,0,0.87,,,,,
DOC-00685,LOT-2026-0071,risk_assessment,1,,2026-08-22,,0,0.9,,,,negligible,
DOC-00686,LOT-2026-0071,certification,1,OP06,2024-04-29,2028-11-27,0,0.88,,,,,
DOC-00687,LOT-2026-0072,dds_statement,1,OP08,2026-08-15,,1,0.91,0901,ID,12840,,
DOC-00688,LOT-2026-0072,commercial_invoice,1,OP08,2026-08-07,,0,0.91,0901.11,,12840,,
DOC-00689,LOT-2026-0072,supplier_buyer_info,1,OP08,2026-08-08,,0,0.93,,,,,
DOC-00690,LOT-2026-0072,production_record,1,,2026-06-21,,0,0.96,,ID,13440,,
DOC-00691,LOT-2026-0072,deforestation_evidence,1,,2026-08-05,,0,0.89,,ID,,,2020-07-21
DOC-00692,LOT-2026-0072,legality_land,1,,2023-01-04,2029-03-22,0,0.93,,ID,,,
DOC-00693,LOT-2026-0072,legality_env,1,,2023-02-16,2028-08-07,0,0.9,,,,,
DOC-00694,LOT-2026-0072,legality_labour_tax,1,,2024-03-06,2028-09-05,0,0.99,,,,,
DOC-00695,LOT-2026-0072,risk_assessment,1,,2026-08-09,,0,0.98,,,,negligible,
DOC-00696,LOT-2026-0072,certification,1,OP08,2025-04-28,2027-02-02,0,0.89,,,,,
DOC-00697,LOT-2026-0073,dds_statement,1,OP03,2026-08-16,,1,0.98,0901,ID,15840,,
DOC-00698,LOT-2026-0073,commercial_invoice,1,OP03,2026-08-09,,0,0.99,0901.11,,16560,,
DOC-00699,LOT-2026-0073,supplier_buyer_info,1,OP03,2026-08-03,,0,0.91,,,,,
DOC-00700,LOT-2026-0073,production_record,1,,2026-06-24,,0,0.9,,ID,16200,,
DOC-00701,LOT-2026-0073,deforestation_evidence,1,,2026-07-20,,0,0.94,,ID,,,2020-03-09
DOC-00702,LOT-2026-0073,legality_land,1,,2023-12-23,2028-08-30,0,0.87,,ID,,,
DOC-00703,LOT-2026-0073,legality_env,1,,2024-07-04,2028-07-07,0,0.92,,,,,
DOC-00704,LOT-2026-0073,legality_labour_tax,1,,2024-08-16,2027-03-04,0,0.96,,,,,
DOC-00705,LOT-2026-0073,risk_assessment,1,,2026-07-31,,0,0.99,,,,negligible,
DOC-00706,LOT-2026-0073,certification,1,OP03,2025-07-11,2028-03-10,0,0.92,,,,,
DOC-00707,LOT-2026-0074,dds_statement,1,OP04,2026-09-10,,1,0.98,0901,ID,8340,,
DOC-00708,LOT-2026-0074,commercial_invoice,1,OP04,2026-09-07,,0,0.85,0901.11,,10080,,
DOC-00709,LOT-2026-0074,supplier_buyer_info,1,OP04,2026-08-24,,0,0.91,,,,,
DOC-00710,LOT-2026-0074,production_record,1,,2026-08-03,,0,0.88,,ID,8340,,
DOC-00711,LOT-2026-0074,deforestation_evidence,1,,2026-08-29,,0,0.93,,ID,,,2020-02-21
DOC-00712,LOT-2026-0074,legality_land,1,,2024-04-02,2031-05-09,0,0.94,,ID,,,
DOC-00713,LOT-2026-0074,legality_env,1,,2025-06-12,2027-07-20,0,0.88,,,,,
DOC-00714,LOT-2026-0074,legality_labour_tax,1,,2024-02-15,2028-04-15,0,0.91,,,,,
DOC-00715,LOT-2026-0074,risk_assessment,1,,2026-09-01,,0,0.93,,,,negligible,
DOC-00716,LOT-2026-0075,dds_statement,1,OP01,2026-08-18,,1,0.98,0901,ID,10440,,
DOC-00717,LOT-2026-0075,commercial_invoice,1,OP01,2026-08-11,,0,0.93,0901.11,,10440,,
DOC-00718,LOT-2026-0075,supplier_buyer_info,1,OP01,2026-07-30,,0,0.94,,,,,
DOC-00719,LOT-2026-0075,production_record,1,,2026-07-12,,0,0.88,,ID,10740,,
DOC-00720,LOT-2026-0075,deforestation_evidence,1,,2026-08-04,,0,0.92,,ID,,,2020-12-04
DOC-00721,LOT-2026-0075,legality_land,1,,2024-02-28,2029-09-07,0,0.89,,ID,,,
DOC-00722,LOT-2026-0075,legality_env,1,,2024-07-24,2029-01-26,0,0.97,,,,,
DOC-00723,LOT-2026-0075,legality_labour_tax,1,,2024-06-28,2028-12-01,0,0.95,,,,,
DOC-00724,LOT-2026-0075,certification,1,OP01,2024-12-18,2028-10-20,0,0.94,,,,,
DOC-00725,LOT-2026-0076,dds_statement,1,OP06,2026-09-24,,1,0.9,0901,ID,12240,,
DOC-00726,LOT-2026-0076,commercial_invoice,1,OP06,2026-09-15,,0,0.88,0901.11,,12240,,
DOC-00727,LOT-2026-0076,supplier_buyer_info,1,OP06,2026-09-14,,0,0.89,,,,,
DOC-00728,LOT-2026-0076,production_record,1,,2026-08-21,,0,0.96,,ID,12360,,
DOC-00729,LOT-2026-0076,deforestation_evidence,1,,2026-09-13,,0,0.91,,ID,,,2020-10-14
DOC-00730,LOT-2026-0076,legality_land,1,,2024-03-02,2031-02-15,0,0.92,,ID,,,
DOC-00731,LOT-2026-0076,legality_env,1,,2024-02-02,2028-02-04,0,0.89,,,,,
DOC-00732,LOT-2026-0076,legality_labour_tax,1,,2024-12-04,2028-12-22,0,0.86,,,,,
DOC-00733,LOT-2026-0076,risk_assessment,1,,2026-09-14,,0,0.91,,,,negligible,
DOC-00734,LOT-2026-0076,certification,1,OP06,2025-07-02,2027-07-15,0,0.86,,,,,
DOC-00735,LOT-2026-0077,dds_statement,1,OP07,2026-09-22,,1,0.86,0901,ID,15240,,
DOC-00736,LOT-2026-0077,commercial_invoice,1,OP07,2026-09-17,,0,0.92,0901.11,,15240,,
DOC-00737,LOT-2026-0077,supplier_buyer_info,1,OP07,2026-09-02,,0,0.98,,,,,
DOC-00738,LOT-2026-0077,production_record,1,,2026-08-22,,0,0.98,,ID,15480,,
DOC-00739,LOT-2026-0077,deforestation_evidence,1,,2026-09-12,,0,0.98,,ID,,,2020-04-18
DOC-00740,LOT-2026-0077,legality_land,1,,2025-01-29,2028-08-28,0,0.95,,ID,,,
DOC-00741,LOT-2026-0077,legality_env,1,,2025-02-11,2028-10-03,0,0.98,,,,,
DOC-00742,LOT-2026-0077,legality_labour_tax,1,,2025-09-10,2027-09-26,0,0.91,,,,,
DOC-00743,LOT-2026-0077,risk_assessment,1,,2026-09-03,,0,0.88,,,,negligible,
DOC-00744,LOT-2026-0077,certification,1,OP07,2024-10-16,2028-01-25,0,0.92,,,,,
DOC-00745,LOT-2026-0078,dds_statement,1,OP06,2026-08-31,,1,0.92,0901,ID,11520,,
DOC-00746,LOT-2026-0078,commercial_invoice,1,OP06,2026-08-28,,0,0.96,0901.11,,11520,,
DOC-00747,LOT-2026-0078,supplier_buyer_info,1,OP06,2026-08-13,,0,0.92,,,,,
DOC-00748,LOT-2026-0078,production_record,1,,2026-07-16,,0,0.98,,ID,11820,,
DOC-00749,LOT-2026-0078,deforestation_evidence,1,,2026-08-10,,0,0.91,,ID,,,2020-06-09
DOC-00750,LOT-2026-0078,legality_land,1,,2024-07-30,2029-03-29,0,0.95,,ID,,,
DOC-00751,LOT-2026-0078,legality_env,1,,2023-01-17,2028-02-23,0,0.93,,,,,
DOC-00752,LOT-2026-0078,legality_labour_tax,1,,2025-08-21,2028-10-14,0,0.95,,,,,
DOC-00753,LOT-2026-0078,risk_assessment,1,,2026-08-11,,0,0.89,,,,negligible,
DOC-00754,LOT-2026-0078,certification,1,OP06,2024-08-23,2028-01-24,0,0.93,,,,,
DOC-00755,LOT-2026-0079,dds_statement,1,OP04,2026-09-10,,1,0.9,0901,ID,16020,,
DOC-00756,LOT-2026-0079,commercial_invoice,1,OP04,2026-09-01,,0,0.99,0901.11,,17580,,
DOC-00757,LOT-2026-0079,supplier_buyer_info,1,OP04,2026-08-24,,0,0.95,,,,,
DOC-00758,LOT-2026-0079,production_record,1,,2026-07-12,,0,0.87,,ID,16440,,
DOC-00759,LOT-2026-0079,deforestation_evidence,1,,2026-08-20,,0,0.87,,ID,,,2020-03-27
DOC-00760,LOT-2026-0079,legality_land,1,,2024-07-13,2030-09-27,0,0.88,,ID,,,
DOC-00761,LOT-2026-0079,legality_env,1,,2025-06-29,2028-12-07,0,0.99,,,,,
DOC-00762,LOT-2026-0079,legality_labour_tax,1,,2024-03-01,2028-08-18,0,0.85,,,,,
DOC-00763,LOT-2026-0079,risk_assessment,1,,2026-08-25,,0,0.97,,,,negligible,
DOC-00764,LOT-2026-0080,dds_statement,1,OP01,2026-08-11,,1,0.88,0901,ID,8100,,
DOC-00765,LOT-2026-0080,commercial_invoice,1,OP01,2026-08-07,,0,0.85,0901.11,,8100,,
DOC-00766,LOT-2026-0080,supplier_buyer_info,1,OP01,2026-07-27,,0,0.91,,,,,
DOC-00767,LOT-2026-0080,production_record,1,,2026-06-16,,0,0.94,,ID,8100,,
DOC-00768,LOT-2026-0080,deforestation_evidence,1,,2026-07-17,,0,0.92,,ID,,,2020-12-03
DOC-00769,LOT-2026-0080,legality_land,1,,2023-01-07,2030-12-25,0,0.93,,ID,,,
DOC-00770,LOT-2026-0080,legality_env,1,,2023-01-13,2027-06-18,0,0.92,,,,,
DOC-00771,LOT-2026-0080,legality_labour_tax,1,,2024-10-08,2028-08-30,0,0.99,,,,,
DOC-00772,LOT-2026-0080,risk_assessment,1,,2026-07-26,,0,0.85,,,,negligible,
DOC-00773,LOT-2026-0081,dds_statement,1,OP07,2026-08-25,,1,0.88,0901,ID,7440,,
DOC-00774,LOT-2026-0081,commercial_invoice,1,OP07,2026-08-19,,0,0.96,0901.11,,7440,,
DOC-00775,LOT-2026-0081,supplier_buyer_info,1,OP07,2026-08-14,,0,0.96,,,,,
DOC-00776,LOT-2026-0081,production_record,1,,2026-07-10,,0,0.9,,ID,7500,,
DOC-00777,LOT-2026-0081,deforestation_evidence,1,,2026-08-03,,0,0.93,,ID,,,2022-06-27
DOC-00778,LOT-2026-0081,legality_land,1,,2024-12-14,2029-04-07,0,0.89,,ID,,,
DOC-00779,LOT-2026-0081,legality_env,1,,2025-04-27,2029-10-16,0,0.86,,,,,
DOC-00780,LOT-2026-0081,legality_labour_tax,1,,2024-02-02,2027-06-04,0,0.91,,,,,
DOC-00781,LOT-2026-0081,risk_assessment,1,,2026-08-17,,0,0.9,,,,negligible,
DOC-00782,LOT-2026-0081,certification,1,OP07,2024-01-10,2028-12-20,0,0.87,,,,,
DOC-00783,LOT-2026-0082,dds_statement,1,OP07,2026-09-18,,1,0.99,0901,ID,11040,,
DOC-00784,LOT-2026-0082,commercial_invoice,1,OP07,2026-09-16,,0,0.88,0901.11,,11040,,
DOC-00785,LOT-2026-0082,supplier_buyer_info,1,OP07,2026-08-29,,0,0.95,,,,,
DOC-00786,LOT-2026-0082,production_record,1,,2026-08-01,,0,0.92,,ID,11580,,
DOC-00787,LOT-2026-0082,deforestation_evidence,1,,2026-09-07,,0,0.95,,ID,,,2020-02-08
DOC-00788,LOT-2026-0082,legality_land,1,,2023-10-15,2031-01-17,0,0.93,,ID,,,
DOC-00789,LOT-2026-0082,legality_env,1,,2023-02-03,2027-12-01,0,0.98,,,,,
DOC-00790,LOT-2026-0082,legality_labour_tax,1,,2024-11-18,2027-03-17,0,0.98,,,,,
DOC-00791,LOT-2026-0082,risk_assessment,1,,2026-08-30,,0,0.93,,,,negligible,
DOC-00792,LOT-2026-0083,dds_statement,1,OP07,2026-08-16,,1,0.93,0901,ID,8460,,
DOC-00793,LOT-2026-0083,commercial_invoice,1,OP07,2026-08-08,,0,0.94,0901.11,,8460,,
DOC-00794,LOT-2026-0083,supplier_buyer_info,1,OP07,2026-08-01,,0,0.9,,,,,
DOC-00795,LOT-2026-0083,production_record,1,,2026-06-29,,0,0.96,,ID,8580,,
DOC-00796,LOT-2026-0083,deforestation_evidence,1,,2026-08-04,,0,0.95,,ID,,,2020-09-13
DOC-00797,LOT-2026-0083,legality_land,1,,2023-12-21,2028-04-19,0,0.86,,ID,,,
DOC-00798,LOT-2026-0083,legality_env,1,,2023-08-26,2029-10-06,0,0.86,,,,,
DOC-00799,LOT-2026-0083,legality_labour_tax,1,,2025-09-11,2028-11-18,0,0.98,,,,,
DOC-00800,LOT-2026-0083,risk_assessment,1,,2026-08-07,,0,0.91,,,,negligible,
DOC-00801,LOT-2026-0084,dds_statement,1,OP01,2026-09-21,,1,0.88,0901,ID,18000,,
DOC-00802,LOT-2026-0084,commercial_invoice,1,OP01,2026-09-13,,0,0.91,0901.11,,18000,,
DOC-00803,LOT-2026-0084,supplier_buyer_info,1,OP01,2026-09-04,,0,0.93,,,,,
DOC-00804,LOT-2026-0084,production_record,1,,2026-08-08,,0,0.86,,ID,18000,,
DOC-00805,LOT-2026-0084,deforestation_evidence,1,,2026-09-02,,0,0.95,,ID,,,2020-12-31
DOC-00806,LOT-2026-0084,legality_land,1,,2023-03-26,2029-07-02,0,0.87,,ID,,,
DOC-00807,LOT-2026-0084,legality_env,1,,2024-12-29,2029-08-11,0,0.94,,,,,
DOC-00808,LOT-2026-0084,legality_labour_tax,1,,2025-02-02,2028-01-19,0,0.9,,,,,
DOC-00809,LOT-2026-0084,risk_assessment,1,,2026-09-08,,0,0.86,,,,negligible,
DOC-00810,LOT-2026-0085,dds_statement,1,OP08,2026-08-31,,1,0.86,0901,ID,10140,,
DOC-00811,LOT-2026-0085,commercial_invoice,1,OP08,2026-08-23,,0,0.91,0901.11,,10140,,
DOC-00812,LOT-2026-0085,supplier_buyer_info,1,OP08,2026-08-16,,0,0.92,,,,,
DOC-00813,LOT-2026-0085,production_record,1,,2026-07-29,,0,0.85,,ID,10200,,
DOC-00814,LOT-2026-0085,deforestation_evidence,1,,2026-08-10,,0,0.86,,ID,,,2020-10-10
DOC-00815,LOT-2026-0085,legality_land,1,,2024-09-04,2029-10-26,0,0.97,,ID,,,
DOC-00816,LOT-2026-0085,legality_env,1,,2023-01-13,2028-03-25,0,0.91,,,,,
DOC-00817,LOT-2026-0085,legality_labour_tax,1,,2024-03-27,2028-09-23,0,0.98,,,,,
DOC-00818,LOT-2026-0085,risk_assessment,1,,2026-08-23,,0,0.99,,,,negligible,
DOC-00819,LOT-2026-0085,certification,1,OP08,2024-06-22,2028-12-02,0,0.9,,,,,
DOC-00820,LOT-2026-0086,dds_statement,1,OP03,2026-08-29,,1,0.86,0901,ID,10080,,
DOC-00821,LOT-2026-0086,commercial_invoice,1,OP03,2026-08-21,,0,0.89,0901.11,,10080,,
DOC-00822,LOT-2026-0086,supplier_buyer_info,1,OP03,2026-08-18,,0,0.92,,,,,
DOC-00823,LOT-2026-0086,production_record,2,,2026-07-15,,0,0.9,,ID,10140,,
DOC-00824,LOT-2026-0086,deforestation_evidence,1,,2026-08-12,,0,0.92,,ID,,,2020-11-16
DOC-00825,LOT-2026-0086,legality_land,1,,2024-09-23,2029-02-04,0,0.91,,ID,,,
DOC-00826,LOT-2026-0086,legality_env,1,,2023-05-19,2028-04-07,0,0.85,,,,,
DOC-00827,LOT-2026-0086,legality_labour_tax,1,,2025-02-09,2028-02-04,0,0.97,,,,,
DOC-00828,LOT-2026-0086,risk_assessment,1,,2026-08-21,,0,0.9,,,,negligible,
DOC-00829,LOT-2026-0086,production_record,1,,2026-07-08,,0,0.72,,ID,9240,,
DOC-00830,LOT-2026-0087,dds_statement,1,OP03,2026-08-31,,1,0.88,0901,ID,15240,,
DOC-00831,LOT-2026-0087,commercial_invoice,1,OP03,2026-08-24,,0,0.87,0901.11,,15240,,
DOC-00832,LOT-2026-0087,supplier_buyer_info,1,OP03,2026-08-18,,0,0.99,,,,,
DOC-00833,LOT-2026-0087,production_record,1,,2026-07-02,,0,0.95,,ID,15480,,
DOC-00834,LOT-2026-0087,deforestation_evidence,1,,2026-08-06,,0,0.96,,ID,,,2020-10-21
DOC-00835,LOT-2026-0087,legality_land,1,,2023-11-30,2030-02-09,0,0.89,,ID,,,
DOC-00836,LOT-2026-0087,legality_env,1,,2025-03-15,2028-07-07,0,0.9,,,,,
DOC-00837,LOT-2026-0087,legality_labour_tax,1,,2025-07-31,2027-09-21,0,0.93,,,,,
DOC-00838,LOT-2026-0087,risk_assessment,1,,2026-08-14,,0,0.93,,,,negligible,
DOC-00839,LOT-2026-0088,dds_statement,1,OP01,2026-09-07,,1,0.89,0901,ID,9180,,
DOC-00840,LOT-2026-0088,commercial_invoice,1,OP01,2026-09-04,,0,0.96,0901.11,,9180,,
DOC-00841,LOT-2026-0088,supplier_buyer_info,1,OP01,2026-08-19,,0,0.96,,,,,
DOC-00842,LOT-2026-0088,production_record,1,,2026-07-25,,0,0.92,,ID,9780,,
DOC-00843,LOT-2026-0088,deforestation_evidence,1,,2026-08-19,,0,0.89,,ID,,,2020-05-03
DOC-00844,LOT-2026-0088,legality_land,1,,2023-06-07,2030-05-16,0,0.96,,ID,,,
DOC-00845,LOT-2026-0088,legality_env,1,,2023-03-17,2028-09-02,0,0.99,,,,,
DOC-00846,LOT-2026-0088,legality_labour_tax,1,,2025-05-05,2028-10-17,0,0.91,,,,,
DOC-00847,LOT-2026-0088,risk_assessment,1,,2026-09-08,,0,0.92,,,,negligible,
DOC-00848,LOT-2026-0089,dds_statement,1,OP07,2026-09-17,,1,0.95,0901,ID,18120,,
DOC-00849,LOT-2026-0089,commercial_invoice,1,OP07,2026-09-14,,0,0.87,0901.11,,18120,,
DOC-00850,LOT-2026-0089,supplier_buyer_info,1,OP07,2026-09-07,,0,0.94,,,,,
DOC-00851,LOT-2026-0089,production_record,1,,2026-07-19,,0,0.87,,VN,18420,,
DOC-00852,LOT-2026-0089,deforestation_evidence,1,,2026-09-06,,0,0.99,,ID,,,2020-10-15
DOC-00853,LOT-2026-0089,legality_land,1,,2024-11-24,2031-08-17,0,0.91,,ID,,,
DOC-00854,LOT-2026-0089,legality_env,1,,2025-02-09,2028-05-05,0,0.99,,,,,
DOC-00855,LOT-2026-0089,legality_labour_tax,1,,2025-03-16,2027-06-17,0,0.85,,,,,
DOC-00856,LOT-2026-0089,risk_assessment,1,,2026-09-06,,0,0.89,,,,negligible,
DOC-00857,LOT-2026-0089,certification,1,OP07,2025-06-15,2028-07-25,0,0.93,,,,,
DOC-00858,LOT-2026-0090,dds_statement,1,OP04,2026-09-09,,1,0.95,0901,ID,12000,,
DOC-00859,LOT-2026-0090,commercial_invoice,1,OP04,2026-09-05,,0,0.9,0901.11,,12000,,
DOC-00860,LOT-2026-0090,supplier_buyer_info,1,OP04,2026-09-02,,0,0.92,,,,,
DOC-00861,LOT-2026-0090,production_record,1,,2026-07-27,,0,0.91,,ID,12240,,
DOC-00862,LOT-2026-0090,deforestation_evidence,1,,2026-08-28,,0,0.97,,ID,,,2020-02-29
DOC-00863,LOT-2026-0090,legality_land,1,,2025-01-17,2028-10-17,0,0.9,,ID,,,
DOC-00864,LOT-2026-0090,legality_env,1,,2023-12-18,2028-09-09,0,0.96,,,,,
DOC-00865,LOT-2026-0090,legality_labour_tax,1,,2025-06-17,2028-07-07,0,0.9,,,,,
DOC-00866,LOT-2026-0090,risk_assessment,1,,2026-08-22,,0,0.86,,,,negligible,
DOC-00867,LOT-2026-0091,dds_statement,1,OP08,2026-09-03,,1,0.95,0901,ID,10560,,
DOC-00868,LOT-2026-0091,commercial_invoice,1,OP08,2026-09-01,,0,0.97,0901.11,,10560,,
DOC-00869,LOT-2026-0091,supplier_buyer_info,1,OP08,2026-08-17,,0,0.87,,,,,
DOC-00870,LOT-2026-0091,production_record,1,,2026-08-03,,0,0.98,,ID,10680,,
DOC-00871,LOT-2026-0091,deforestation_evidence,1,,2026-08-17,,0,0.87,,ID,,,2020-09-21
DOC-00872,LOT-2026-0091,legality_land,1,,2023-06-13,2029-11-08,0,0.93,,ID,,,
DOC-00873,LOT-2026-0091,legality_env,1,,2024-04-18,2028-01-24,0,0.96,,,,,
DOC-00874,LOT-2026-0091,legality_labour_tax,1,,2024-07-07,2027-09-07,0,0.94,,,,,
DOC-00875,LOT-2026-0091,risk_assessment,1,,2026-08-16,,0,0.91,,,,non_negligible,
DOC-00876,LOT-2026-0091,certification,1,OP08,2025-09-20,2027-07-22,0,0.91,,,,,
DOC-00877,LOT-2026-0091,risk_mitigation,1,,2026-08-17,,0,0.91,,,,,
DOC-00878,LOT-2026-0092,dds_statement,1,OP04,2026-08-25,,1,0.96,0901,ID,17520,,
DOC-00879,LOT-2026-0092,commercial_invoice,1,OP04,2026-08-22,,0,0.96,0901.11,,17520,,
DOC-00880,LOT-2026-0092,supplier_buyer_info,1,OP04,2026-08-10,,0,0.88,,,,,
DOC-00881,LOT-2026-0092,production_record,1,,2026-07-04,,0,0.88,,ID,17820,,
DOC-00882,LOT-2026-0092,deforestation_evidence,1,,2026-08-12,,0,0.94,,ID,,,2021-12-02
DOC-00883,LOT-2026-0092,legality_land,1,,2024-05-16,2030-12-16,0,0.99,,ID,,,
DOC-00884,LOT-2026-0092,legality_env,1,,2023-11-17,2029-02-01,0,0.9,,,,,
DOC-00885,LOT-2026-0092,legality_labour_tax,1,,2025-02-05,2028-10-22,0,0.87,,,,,
DOC-00886,LOT-2026-0092,risk_assessment,1,,2026-08-07,,0,0.9,,,,negligible,
DOC-00887,LOT-2026-0092,certification,1,OP04,2024-06-25,2028-11-20,0,0.95,,,,,
DOC-00888,LOT-2026-0093,dds_statement,1,OP02,2026-09-25,,1,0.89,0901,ID,10800,,
DOC-00889,LOT-2026-0093,commercial_invoice,1,OP02,2026-09-21,,0,0.9,0901.11,,10800,,
DOC-00890,LOT-2026-0093,supplier_buyer_info,1,OP02,2026-09-16,,0,0.92,,,,,
DOC-00891,LOT-2026-0093,production_record,2,,2026-08-23,,0,0.93,,ID,11160,,
DOC-00892,LOT-2026-0093,deforestation_evidence,1,,2026-08-28,,0,0.91,,ID,,,2020-07-15
DOC-00893,LOT-2026-0093,legality_land,1,,2024-05-13,2031-07-25,0,0.93,,ID,,,
DOC-00894,LOT-2026-0093,legality_env,1,,2024-10-22,2027-11-25,0,0.93,,,,,
DOC-00895,LOT-2026-0093,legality_labour_tax,1,,2025-05-16,2027-12-21,0,0.87,,,,,
DOC-00896,LOT-2026-0093,risk_assessment,1,,2026-09-16,,0,0.89,,,,negligible,
DOC-00897,LOT-2026-0093,certification,1,OP02,2024-02-24,2028-01-03,0,0.98,,,,,
DOC-00898,LOT-2026-0093,production_record,1,,2026-08-19,,0,0.72,,ID,10380,,
DOC-00899,LOT-2026-0094,dds_statement,1,OP07,2026-09-14,,1,0.95,0901,ID,16020,,
DOC-00900,LOT-2026-0094,commercial_invoice,1,OP07,2026-09-06,,0,0.95,0901.11,,16020,,
DOC-00901,LOT-2026-0094,supplier_buyer_info,1,OP07,2026-08-31,,0,0.92,,,,,
DOC-00902,LOT-2026-0094,production_record,1,,2026-07-31,,0,0.93,,ID,16080,,
DOC-00903,LOT-2026-0094,deforestation_evidence,1,,2026-08-28,,0,0.85,,ID,,,2020-05-29
DOC-00904,LOT-2026-0094,legality_land,1,,2023-08-19,2031-01-06,0,0.89,,ID,,,
DOC-00905,LOT-2026-0094,legality_env,1,,2025-03-10,2028-09-11,0,0.93,,,,,
DOC-00906,LOT-2026-0094,legality_labour_tax,1,,2025-05-22,2028-09-13,0,0.92,,,,,
DOC-00907,LOT-2026-0094,risk_assessment,1,,2026-09-02,,0,0.93,,,,negligible,
DOC-00908,LOT-2026-0094,certification,1,OP07,2025-07-10,2028-01-11,0,0.93,,,,,
DOC-00909,LOT-2026-0095,dds_statement,1,OP01,2026-09-07,,1,0.95,0901,ID,9300,,
DOC-00910,LOT-2026-0095,commercial_invoice,1,OP01,2026-09-02,,0,0.89,0901.11,,9300,,
DOC-00911,LOT-2026-0095,supplier_buyer_info,1,OP01,2026-08-31,,0,0.91,,,,,
DOC-00912,LOT-2026-0095,production_record,1,,2026-07-26,,0,0.97,,ID,9600,,
DOC-00913,LOT-2026-0095,deforestation_evidence,1,,2026-08-26,,0,0.97,,ID,,,2020-08-12
DOC-00914,LOT-2026-0095,legality_land,1,,2023-05-01,2029-04-30,0,0.88,,ID,,,
DOC-00915,LOT-2026-0095,legality_env,1,,2025-01-25,2029-01-23,0,0.95,,,,,
DOC-00916,LOT-2026-0095,legality_labour_tax,1,,2025-09-16,2028-12-07,0,0.91,,,,,
DOC-00917,LOT-2026-0095,risk_assessment,1,,2026-08-31,,0,0.94,,,,negligible,
DOC-00918,LOT-2026-0096,dds_statement,1,OP04,2026-08-13,,1,0.93,0901,ID,11340,,
DOC-00919,LOT-2026-0096,commercial_invoice,1,OP04,2026-08-09,,0,0.9,0901.11,,11340,,
DOC-00920,LOT-2026-0096,supplier_buyer_info,1,OP04,2026-07-26,,0,0.89,,,,,
DOC-00921,LOT-2026-0096,production_record,1,,2026-06-27,,0,0.89,,ID,11880,,
DOC-00922,LOT-2026-0096,deforestation_evidence,1,,2026-07-18,,0,0.96,,ID,,,2020-12-13
DOC-00923,LOT-2026-0096,legality_land,1,,2023-05-19,2030-04-22,0,0.98,,ID,,,
DOC-00924,LOT-2026-0096,legality_env,1,,2023-10-11,2029-11-04,0,0.94,,,,,
DOC-00925,LOT-2026-0096,legality_labour_tax,1,,2024-05-15,2027-11-11,0,0.87,,,,,
DOC-00926,LOT-2026-0096,risk_assessment,1,,2026-08-03,,0,0.9,,,,negligible,
DOC-00927,LOT-2026-0096,certification,1,OP04,2025-02-06,2028-05-16,0,0.87,,,,,
DOC-00928,LOT-2026-0097,dds_statement,1,OP05,2026-09-20,,1,0.94,0901,ID,11760,,
DOC-00929,LOT-2026-0097,commercial_invoice,1,OP05,2026-09-17,,0,0.91,0901.11,,11760,,
DOC-00930,LOT-2026-0097,supplier_buyer_info,1,OP05,2026-09-02,,0,0.89,,,,,
DOC-00931,LOT-2026-0097,production_record,1,,2026-08-07,,0,0.91,,ID,12060,,
DOC-00932,LOT-2026-0097,deforestation_evidence,1,,2026-08-26,,0,0.93,,ID,,,2020-06-16
DOC-00933,LOT-2026-0097,legality_land,1,,2025-06-08,2028-07-09,0,0.95,,ID,,,
DOC-00934,LOT-2026-0097,legality_env,1,,2024-04-14,2029-03-12,0,0.94,,,,,
DOC-00935,LOT-2026-0097,legality_labour_tax,1,,2025-01-01,2027-05-04,0,0.96,,,,,
DOC-00936,LOT-2026-0097,risk_assessment,1,,2026-09-13,,0,0.91,,,,negligible,
DOC-00937,LOT-2026-0098,dds_statement,1,OP04,2026-09-12,,0,0.9,0901,ID,10920,,
DOC-00938,LOT-2026-0098,commercial_invoice,1,OP04,2026-09-08,,0,0.93,0901.11,,10920,,
DOC-00939,LOT-2026-0098,supplier_buyer_info,1,OP04,2026-08-29,,0,0.96,,,,,
DOC-00940,LOT-2026-0098,production_record,1,,2026-07-18,,0,0.96,,ID,11520,,
DOC-00941,LOT-2026-0098,deforestation_evidence,1,,2026-09-01,,0,0.94,,ID,,,2020-02-20
DOC-00942,LOT-2026-0098,legality_land,1,,2025-05-06,2030-07-30,0,0.85,,ID,,,
DOC-00943,LOT-2026-0098,legality_env,1,,2025-05-28,2027-11-09,0,0.91,,,,,
DOC-00944,LOT-2026-0098,legality_labour_tax,1,,2024-01-01,2028-05-12,0,0.88,,,,,
DOC-00945,LOT-2026-0098,risk_assessment,1,,2026-09-02,,0,0.95,,,,negligible,
DOC-00946,LOT-2026-0098,certification,1,OP04,2024-11-05,2027-06-12,0,0.97,,,,,
DOC-00947,LOT-2026-0099,dds_statement,1,OP05,2026-08-14,,1,0.9,0901,ID,11520,,
DOC-00948,LOT-2026-0099,commercial_invoice,1,OP05,2026-08-10,,0,0.86,0901.11,,11520,,
DOC-00949,LOT-2026-0099,supplier_buyer_info,1,OP05,2026-07-28,,0,0.89,,,,,
DOC-00950,LOT-2026-0099,production_record,1,,2026-07-07,,0,0.91,,ID,11700,,
DOC-00951,LOT-2026-0099,deforestation_evidence,1,,2026-08-02,,0,0.86,,ID,,,2020-12-26
DOC-00952,LOT-2026-0099,legality_land,1,,2023-08-07,2030-09-03,0,0.86,,ID,,,
DOC-00953,LOT-2026-0099,legality_env,1,,2024-08-30,2028-01-18,0,0.92,,,,,
DOC-00954,LOT-2026-0099,legality_labour_tax,1,,2025-03-31,2027-03-10,0,0.85,,,,,
DOC-00955,LOT-2026-0099,risk_assessment,1,,2026-08-07,,0,0.9,,,,negligible,
DOC-00956,LOT-2026-0099,certification,1,OP05,2025-03-08,2028-12-11,0,0.87,,,,,
DOC-00957,LOT-2026-0100,dds_statement,1,OP02,2026-08-25,,1,0.86,0901,ID,7320,,
DOC-00958,LOT-2026-0100,commercial_invoice,1,OP02,2026-08-18,,0,0.9,0901.11,,7320,,
DOC-00959,LOT-2026-0100,supplier_buyer_info,1,OP02,2026-08-14,,0,0.87,,,,,
DOC-00960,LOT-2026-0100,production_record,1,,2026-07-03,,0,0.94,,ID,7440,,
DOC-00961,LOT-2026-0100,deforestation_evidence,1,,2026-08-11,,0,0.92,,ID,,,2020-02-05
DOC-00962,LOT-2026-0100,legality_land,1,,2023-01-09,2031-06-03,0,0.94,,ID,,,
DOC-00963,LOT-2026-0100,legality_env,1,,2024-03-26,2028-05-25,0,0.95,,,,,
DOC-00964,LOT-2026-0100,legality_labour_tax,1,,2024-06-04,2028-04-25,0,0.94,,,,,
DOC-00965,LOT-2026-0100,risk_assessment,1,,2026-08-07,,0,0.91,,,,negligible,
DOC-00966,LOT-2026-0100,certification,1,OP02,2024-04-12,2027-05-24,0,0.96,,,,,
DOC-00967,LOT-2026-0101,dds_statement,1,OP07,2026-09-02,,1,0.88,0901,ID,10800,,
DOC-00968,LOT-2026-0101,commercial_invoice,1,OP07,2026-08-30,,0,0.88,0901.11,,10800,,
DOC-00969,LOT-2026-0101,supplier_buyer_info,1,OP07,2026-08-17,,0,0.93,,,,,
DOC-00970,LOT-2026-0101,production_record,1,,2026-07-09,,0,0.89,,ID,11340,,
DOC-00971,LOT-2026-0101,deforestation_evidence,1,,2026-08-23,,0,0.97,,ID,,,2020-12-03
DOC-00972,LOT-2026-0101,legality_land,1,,2023-07-30,2030-11-26,0,0.93,,ID,,,
DOC-00973,LOT-2026-0101,legality_env,1,,2023-07-13,2029-07-05,0,0.9,,,,,
DOC-00974,LOT-2026-0101,legality_labour_tax,1,,2024-02-25,2027-11-01,0,0.92,,,,,
DOC-00975,LOT-2026-0101,risk_assessment,1,,2026-08-25,,0,0.87,,,,negligible,
DOC-00976,LOT-2026-0101,certification,1,OP07,2025-08-31,2027-03-14,0,0.92,,,,,
DOC-00977,LOT-2026-0102,dds_statement,1,OP01,2026-09-04,,1,0.97,0901,ID,7980,,
DOC-00978,LOT-2026-0102,commercial_invoice,1,OP01,2026-08-27,,0,0.9,0901.11,,7980,,
DOC-00979,LOT-2026-0102,supplier_buyer_info,1,OP01,2026-08-18,,0,0.87,,,,,
DOC-00980,LOT-2026-0102,production_record,1,,2026-07-24,,0,0.98,,ID,7980,,
DOC-00981,LOT-2026-0102,deforestation_evidence,1,,2026-08-23,,0,0.93,,ID,,,2020-12-31
DOC-00982,LOT-2026-0102,legality_land,1,,2023-01-15,2029-06-20,0,0.88,,ID,,,
DOC-00983,LOT-2026-0102,legality_env,1,,2023-03-03,2029-08-17,0,0.91,,,,,
DOC-00984,LOT-2026-0102,legality_labour_tax,1,,2024-10-20,2028-12-03,0,0.95,,,,,
DOC-00985,LOT-2026-0102,risk_assessment,1,,2026-08-16,,0,0.96,,,,negligible,
DOC-00986,LOT-2026-0102,certification,1,OP01,2025-02-15,2027-03-26,0,0.94,,,,,
DOC-00987,LOT-2026-0103,dds_statement,1,OP03,2026-08-31,,1,0.98,0901,ID,10740,,
DOC-00988,LOT-2026-0103,commercial_invoice,2,OP03,2026-08-27,,0,0.93,0901.11,,10740,,
DOC-00989,LOT-2026-0103,supplier_buyer_info,1,OP03,2026-08-18,,0,0.93,,,,,
DOC-00990,LOT-2026-0103,production_record,1,,2026-07-30,,0,0.95,,ID,11340,,
DOC-00991,LOT-2026-0103,deforestation_evidence,1,,2026-08-19,,0,0.95,,ID,,,2020-06-07
DOC-00992,LOT-2026-0103,legality_land,1,,2025-01-17,2029-05-03,0,0.86,,ID,,,
DOC-00993,LOT-2026-0103,legality_env,1,,2023-03-30,2028-08-18,0,0.87,,,,,
DOC-00994,LOT-2026-0103,legality_labour_tax,1,,2025-09-18,2028-11-13,0,0.86,,,,,
DOC-00995,LOT-2026-0103,risk_assessment,1,,2026-08-17,,0,0.94,,,,negligible,
DOC-00996,LOT-2026-0103,commercial_invoice,1,OP03,2026-08-24,,0,0.72,0901.11,,11040,,
DOC-00997,LOT-2026-0104,dds_statement,1,OP03,2026-09-27,,1,0.92,0901,ID,8460,,
DOC-00998,LOT-2026-0104,commercial_invoice,1,OP03,2026-09-21,,0,0.87,0901.11,,8460,,
DOC-00999,LOT-2026-0104,supplier_buyer_info,2,OP03,2026-09-18,,0,0.95,,,,,
DOC-01000,LOT-2026-0104,production_record,1,,2026-08-13,,0,0.95,,ID,8700,,
DOC-01001,LOT-2026-0104,deforestation_evidence,1,,2026-09-14,,0,0.9,,ID,,,2020-01-16
DOC-01002,LOT-2026-0104,legality_land,1,,2024-03-15,2029-07-11,0,0.92,,ID,,,
DOC-01003,LOT-2026-0104,legality_env,1,,2023-09-27,2029-05-30,0,0.99,,,,,
DOC-01004,LOT-2026-0104,legality_labour_tax,1,,2024-03-19,2028-07-21,0,0.91,,,,,
DOC-01005,LOT-2026-0104,risk_assessment,1,,2026-09-16,,0,0.9,,,,negligible,
DOC-01006,LOT-2026-0104,certification,1,OP03,2025-08-03,2027-06-20,0,0.9,,,,,
DOC-01007,LOT-2026-0104,supplier_buyer_info,1,OP06,2026-09-15,,0,0.72,,,,,
DOC-01008,LOT-2026-0105,dds_statement,1,OP02,2026-08-23,,1,0.97,0901,ID,13800,,
DOC-01009,LOT-2026-0105,commercial_invoice,1,OP02,2026-08-21,,0,0.88,0901.11,,13800,,
DOC-01010,LOT-2026-0105,supplier_buyer_info,1,OP02,2026-08-09,,0,0.9,,,,,
DOC-01011,LOT-2026-0105,production_record,1,,2026-07-24,,0,0.88,,ID,13920,,
DOC-01012,LOT-2026-0105,deforestation_evidence,1,,2026-08-12,,0,0.96,,ID,,,2020-10-10
DOC-01013,LOT-2026-0105,legality_land,1,,2025-01-01,2031-09-04,0,0.91,,ID,,,
DOC-01014,LOT-2026-0105,legality_env,1,,2023-11-26,2028-02-10,0,0.91,,,,,
DOC-01015,LOT-2026-0105,legality_labour_tax,1,,2024-11-23,2027-12-03,0,0.97,,,,,
DOC-01016,LOT-2026-0105,risk_assessment,1,,2026-08-17,,0,0.93,,,,negligible,
DOC-01017,LOT-2026-0105,certification,1,OP02,2024-02-23,2027-07-03,0,0.88,,,,,
DOC-01018,LOT-2026-0106,dds_statement,1,OP01,2026-09-08,,1,0.96,0901,ID,13140,,
DOC-01019,LOT-2026-0106,commercial_invoice,1,OP01,2026-09-02,,0,0.9,0901.11,,13140,,
DOC-01020,LOT-2026-0106,supplier_buyer_info,1,OP01,2026-08-24,,0,0.91,,,,,
DOC-01021,LOT-2026-0106,production_record,1,,2026-07-13,,0,0.88,,ID,13440,,
DOC-01022,LOT-2026-0106,deforestation_evidence,1,,2026-08-11,,0,0.95,,ID,,,2020-06-04
DOC-01023,LOT-2026-0106,legality_land,1,,2023-09-06,2030-08-08,0,0.9,,ID,,,
DOC-01024,LOT-2026-0106,legality_env,1,,2024-05-20,2029-07-31,0,0.96,,,,,
DOC-01025,LOT-2026-0106,legality_labour_tax,1,,2025-07-13,2027-11-07,0,0.87,,,,,
DOC-01026,LOT-2026-0106,risk_assessment,1,,2026-08-29,,0,0.98,,,,negligible,
DOC-01027,LOT-2026-0106,certification,1,OP01,2025-07-08,2027-12-21,0,0.94,,,,,
DOC-01028,LOT-2026-0107,dds_statement,1,OP01,2026-09-04,,1,0.97,0901,ID,17640,,
DOC-01029,LOT-2026-0107,commercial_invoice,1,OP01,2026-08-29,,0,0.86,0901.11,,17640,,
DOC-01030,LOT-2026-0107,supplier_buyer_info,1,OP01,2026-08-20,,0,0.99,,,,,
DOC-01031,LOT-2026-0107,production_record,1,,2026-07-15,,0,0.92,,ID,18000,,
DOC-01032,LOT-2026-0107,deforestation_evidence,1,,2026-08-24,,0,0.95,,ID,,,2020-03-13
DOC-01033,LOT-2026-0107,legality_land,1,,2023-04-06,2028-03-30,0,0.98,,ID,,,
DOC-01034,LOT-2026-0107,legality_env,1,,2025-05-15,2028-11-14,0,0.91,,,,,
DOC-01035,LOT-2026-0107,legality_labour_tax,1,,2025-01-16,2028-06-12,0,0.99,,,,,
DOC-01036,LOT-2026-0107,risk_assessment,1,,2026-08-23,,0,0.86,,,,negligible,
DOC-01037,LOT-2026-0107,certification,1,OP01,2024-05-16,2028-10-14,0,0.96,,,,,
DOC-01038,LOT-2026-0108,dds_statement,1,OP02,2026-09-16,,1,0.98,0901,ID,6900,,
DOC-01039,LOT-2026-0108,commercial_invoice,1,OP02,2026-09-11,,0,0.89,0901.11,,6900,,
DOC-01040,LOT-2026-0108,supplier_buyer_info,1,OP02,2026-08-27,,0,0.89,,,,,
DOC-01041,LOT-2026-0108,production_record,1,,2026-08-04,,0,0.95,,ID,7260,,
DOC-01042,LOT-2026-0108,deforestation_evidence,1,,2026-08-27,,0,0.91,,ID,,,2020-06-11
DOC-01043,LOT-2026-0108,legality_land,1,,2023-08-28,2028-06-01,0,0.98,,ID,,,
DOC-01044,LOT-2026-0108,legality_env,1,,2023-05-20,2029-08-07,0,0.96,,,,,
DOC-01045,LOT-2026-0108,legality_labour_tax,1,,2024-04-21,2027-08-07,0,0.86,,,,,
DOC-01046,LOT-2026-0108,risk_assessment,1,,2026-08-31,,0,0.91,,,,negligible,
DOC-01047,LOT-2026-0108,certification,1,OP02,2024-05-03,2028-07-02,0,0.9,,,,,
DOC-01048,LOT-2026-0109,dds_statement,1,OP04,2026-09-09,,1,0.87,0901,ID,13080,,
DOC-01049,LOT-2026-0109,commercial_invoice,1,OP04,2026-09-05,,0,0.96,0901.11,,13080,,
DOC-01050,LOT-2026-0109,supplier_buyer_info,1,OP04,2026-08-29,,0,0.97,,,,,
DOC-01051,LOT-2026-0109,production_record,1,,2026-08-02,,0,0.86,,ID,13620,,
DOC-01052,LOT-2026-0109,deforestation_evidence,1,,2026-08-20,,0,0.86,,ID,,,2020-03-16
DOC-01053,LOT-2026-0109,legality_land,1,,2023-09-12,2029-12-29,0,0.91,,ID,,,
DOC-01054,LOT-2026-0109,legality_env,1,,2023-02-20,2029-04-24,0,0.89,,,,,
DOC-01055,LOT-2026-0109,legality_labour_tax,1,,2024-06-27,2027-04-01,0,0.98,,,,,
DOC-01056,LOT-2026-0109,risk_assessment,1,,2026-08-21,,0,0.97,,,,negligible,
DOC-01057,LOT-2026-0109,certification,1,OP04,2025-07-17,2027-09-13,0,0.86,,,,,
DOC-01058,LOT-2026-0110,dds_statement,1,OP02,2026-08-22,,1,0.96,0901,ID,6180,,
DOC-01059,LOT-2026-0110,commercial_invoice,1,OP02,2026-08-17,,0,0.87,0901.11,,6180,,
DOC-01060,LOT-2026-0110,supplier_buyer_info,1,OP02,2026-08-02,,0,0.91,,,,,
DOC-01061,LOT-2026-0110,production_record,1,,2026-07-22,,0,0.94,,ID,6780,,
DOC-01062,LOT-2026-0110,deforestation_evidence,1,,2026-08-10,,0,0.93,,ID,,,2020-10-25
DOC-01063,LOT-2026-0110,legality_land,1,,2025-04-12,2028-06-02,0,0.85,,ID,,,
DOC-01064,LOT-2026-0110,legality_env,1,,2023-03-08,2027-12-20,0,0.98,,,,,
DOC-01065,LOT-2026-0110,legality_labour_tax,1,,2025-03-30,2027-07-10,0,0.86,,,,,
DOC-01066,LOT-2026-0110,risk_assessment,1,,2026-08-03,,0,0.97,,,,negligible,
DOC-01067,LOT-2026-0111,dds_statement,1,OP02,2026-08-13,,1,0.93,0901,ID,6720,,
DOC-01068,LOT-2026-0111,commercial_invoice,1,OP02,2026-08-05,,0,0.92,0901.11,,6720,,
DOC-01069,LOT-2026-0111,supplier_buyer_info,1,OP02,2026-07-31,,0,0.95,,,,,
DOC-01070,LOT-2026-0111,production_record,1,,2026-07-09,,0,0.9,,ID,6840,,
DOC-01071,LOT-2026-0111,deforestation_evidence,1,,2026-07-29,,0,0.89,,ID,,,2020-05-20
DOC-01072,LOT-2026-0111,legality_land,1,,2025-06-23,2028-10-31,0,0.85,,ID,,,
DOC-01073,LOT-2026-0111,legality_env,1,,2024-09-26,2029-02-21,0,0.88,,,,,
DOC-01074,LOT-2026-0111,legality_labour_tax,1,,2024-10-29,2028-07-23,0,0.91,,,,,
DOC-01075,LOT-2026-0111,risk_assessment,1,,2026-07-24,,0,0.93,,,,negligible,
DOC-01076,LOT-2026-0111,certification,1,OP02,2024-10-13,2028-01-28,0,0.87,,,,,
DOC-01077,LOT-2026-0112,dds_statement,1,OP04,2026-09-18,,1,0.99,0901,ID,14040,,
DOC-01078,LOT-2026-0112,commercial_invoice,1,OP04,2026-09-16,,0,0.99,0901.11,,14040,,
DOC-01079,LOT-2026-0112,supplier_buyer_info,1,OP04,2026-08-30,,0,0.95,,,,,
DOC-01080,LOT-2026-0112,production_record,1,,2026-08-12,,0,0.93,,ID,14460,,
DOC-01081,LOT-2026-0112,deforestation_evidence,1,,2026-08-24,,0,0.98,,ID,,,2020-06-25
DOC-01082,LOT-2026-0112,legality_land,1,,2024-05-29,2029-10-20,0,0.9,,ID,,,
DOC-01083,LOT-2026-0112,legality_env,1,,2023-07-04,2027-06-27,0,0.89,,,,,
DOC-01084,LOT-2026-0112,legality_labour_tax,1,,2024-08-12,2027-03-31,0,0.98,,,,,
DOC-01085,LOT-2026-0112,risk_assessment,1,,2026-09-02,,0,0.96,,,,negligible,
DOC-01086,LOT-2026-0112,certification,1,OP04,2025-04-28,2028-06-26,0,0.9,,,,,
DOC-01087,LOT-2026-0113,dds_statement,1,OP04,2026-08-24,,1,0.89,0901,ID,9780,,
DOC-01088,LOT-2026-0113,commercial_invoice,1,OP04,2026-08-22,,0,0.96,0901.11,,9780,,
DOC-01089,LOT-2026-0113,supplier_buyer_info,1,OP04,2026-08-14,,0,0.93,,,,,
DOC-01090,LOT-2026-0113,production_record,1,,2026-07-04,,0,0.9,,ID,10140,,
DOC-01091,LOT-2026-0113,deforestation_evidence,1,,2026-08-09,,0,0.88,,ID,,,2020-03-31
DOC-01092,LOT-2026-0113,legality_land,1,,2023-11-22,2031-11-29,0,0.9,,ID,,,
DOC-01093,LOT-2026-0113,legality_env,1,,2024-08-28,2027-06-29,0,0.95,,,,,
DOC-01094,LOT-2026-0113,risk_assessment,1,,2026-08-15,,0,0.93,,,,negligible,
DOC-01095,LOT-2026-0113,certification,1,OP04,2025-05-19,2028-07-09,0,0.89,,,,,
DOC-01096,LOT-2026-0114,dds_statement,1,OP01,2026-08-19,,1,0.85,0901,ID,9540,,
DOC-01097,LOT-2026-0114,commercial_invoice,1,OP01,2026-08-10,,0,0.85,0901.11,,9540,,
DOC-01098,LOT-2026-0114,supplier_buyer_info,1,OP01,2026-08-03,,0,0.88,,,,,
DOC-01099,LOT-2026-0114,production_record,2,,2026-07-01,,0,0.9,,ID,9660,,
DOC-01100,LOT-2026-0114,deforestation_evidence,1,,2026-08-04,,0,0.86,,ID,,,2020-06-14
DOC-01101,LOT-2026-0114,legality_land,1,,2023-06-01,2031-04-16,0,0.95,,ID,,,
DOC-01102,LOT-2026-0114,legality_env,1,,2023-05-26,2029-08-01,0,0.87,,,,,
DOC-01103,LOT-2026-0114,legality_labour_tax,1,,2025-06-22,2028-03-08,0,0.98,,,,,
DOC-01104,LOT-2026-0114,risk_assessment,1,,2026-08-10,,0,0.9,,,,negligible,
DOC-01105,LOT-2026-0114,production_record,1,,2026-06-28,,0,0.72,,ID,8880,,
DOC-01106,LOT-2026-0115,dds_statement,1,OP05,2026-09-02,,1,0.96,0901,ID,8400,,
DOC-01107,LOT-2026-0115,commercial_invoice,1,OP05,2026-08-24,,0,0.94,0901.11,,8400,,
DOC-01108,LOT-2026-0115,supplier_buyer_info,1,OP05,2026-08-24,,0,0.95,,,,,
DOC-01109,LOT-2026-0115,production_record,1,,2026-07-11,,0,0.95,,ID,8880,,
DOC-01110,LOT-2026-0115,deforestation_evidence,1,,2026-08-12,,0,0.94,,ID,,,2020-04-24
DOC-01111,LOT-2026-0115,legality_land,1,,2025-04-14,2028-12-25,0,0.9,,ID,,,
DOC-01112,LOT-2026-0115,legality_env,1,,2025-01-21,2029-05-06,0,0.89,,,,,
DOC-01113,LOT-2026-0115,legality_labour_tax,1,,2024-06-30,2027-03-02,0,0.98,,,,,
DOC-01114,LOT-2026-0115,risk_assessment,1,,2026-08-21,,0,0.98,,,,negligible,
DOC-01115,LOT-2026-0115,certification,1,OP05,2025-08-04,2027-02-03,0,0.88,,,,,
DOC-01116,LOT-2026-0116,dds_statement,1,OP06,2026-09-21,,1,0.98,0901,ID,15780,,
DOC-01117,LOT-2026-0116,commercial_invoice,1,OP06,2026-09-17,,0,0.9,0901.11,,15780,,
DOC-01118,LOT-2026-0116,supplier_buyer_info,1,OP02,2026-09-13,,0,0.88,,,,,
DOC-01119,LOT-2026-0116,production_record,1,,2026-08-04,,0,0.87,,ID,16080,,
DOC-01120,LOT-2026-0116,deforestation_evidence,1,,2026-09-09,,0,0.94,,ID,,,2020-12-28
DOC-01121,LOT-2026-0116,legality_land,1,,2025-01-16,2029-11-18,0,0.91,,ID,,,
DOC-01122,LOT-2026-0116,legality_env,1,,2023-09-29,2028-01-01,0,0.88,,,,,
DOC-01123,LOT-2026-0116,legality_labour_tax,1,,2024-03-10,2028-02-22,0,0.89,,,,,
DOC-01124,LOT-2026-0116,risk_assessment,1,,2026-09-14,,0,0.87,,,,negligible,
DOC-01125,LOT-2026-0116,certification,1,OP06,2025-01-30,2028-03-24,0,0.95,,,,,
DOC-01126,LOT-2026-0117,dds_statement,2,OP07,2026-09-11,,1,0.86,0901,ID,11340,,
DOC-01127,LOT-2026-0117,commercial_invoice,1,OP07,2026-09-02,,0,0.96,0901.11,,11340,,
DOC-01128,LOT-2026-0117,supplier_buyer_info,1,OP07,2026-08-26,,0,0.94,,,,,
DOC-01129,LOT-2026-0117,production_record,1,,2026-07-26,,0,0.88,,ID,11940,,
DOC-01130,LOT-2026-0117,deforestation_evidence,1,,2026-08-18,,0,0.96,,ID,,,2020-02-07
DOC-01131,LOT-2026-0117,legality_land,1,,2023-02-04,2029-08-26,0,0.85,,ID,,,
DOC-01132,LOT-2026-0117,legality_env,1,,2023-09-25,2027-09-16,0,0.86,,,,,
DOC-01133,LOT-2026-0117,legality_labour_tax,1,,2024-06-23,2028-03-19,0,0.87,,,,,
DOC-01134,LOT-2026-0117,risk_assessment,1,,2026-08-30,,0,0.86,,,,negligible,
DOC-01135,LOT-2026-0117,dds_statement,1,OP07,2026-09-04,,1,0.72,0901,ID,12540,,
DOC-01136,LOT-2026-0118,dds_statement,1,OP01,2026-09-05,,1,0.91,0901,ID,8520,,
DOC-01137,LOT-2026-0118,commercial_invoice,1,OP01,2026-09-03,,0,0.86,0901.11,,8520,,
DOC-01138,LOT-2026-0118,supplier_buyer_info,1,OP01,2026-08-26,,0,0.99,,,,,
DOC-01139,LOT-2026-0118,production_record,1,,2026-07-18,,0,0.95,,ID,8880,,
DOC-01140,LOT-2026-0118,deforestation_evidence,1,,2026-08-09,,0,0.94,,ID,,,2020-05-15
DOC-01141,LOT-2026-0118,legality_land,1,,2023-11-01,2029-05-01,0,0.86,,ID,,,
DOC-01142,LOT-2026-0118,legality_env,1,,2024-02-07,2029-01-06,0,0.93,,,,,
DOC-01143,LOT-2026-0118,legality_labour_tax,1,,2025-05-17,2027-08-05,0,0.86,,,,,
DOC-01144,LOT-2026-0118,risk_assessment,1,,2026-08-16,,0,0.85,,,,negligible,
DOC-01145,LOT-2026-0118,certification,1,OP01,2025-09-06,2028-05-06,0,0.88,,,,,
DOC-01146,LOT-2026-0119,dds_statement,1,OP01,2026-08-26,,1,0.92,0901,ID,15780,,
DOC-01147,LOT-2026-0119,commercial_invoice,1,OP01,2026-08-23,,0,0.89,0901.11,,15780,,
DOC-01148,LOT-2026-0119,supplier_buyer_info,1,OP01,2026-08-13,,0,0.92,,,,,
DOC-01149,LOT-2026-0119,production_record,1,,2026-07-18,,0,0.89,,ID,15780,,
DOC-01150,LOT-2026-0119,deforestation_evidence,1,,2026-07-30,,0,0.88,,ID,,,2020-12-31
DOC-01151,LOT-2026-0119,legality_land,1,,2025-06-25,2030-02-20,0,0.9,,ID,,,
DOC-01152,LOT-2026-0119,legality_env,1,,2024-04-01,2027-07-16,0,0.89,,,,,
DOC-01153,LOT-2026-0119,legality_labour_tax,1,,2025-04-21,2027-11-25,0,0.88,,,,,
DOC-01154,LOT-2026-0119,risk_assessment,1,,2026-08-19,,0,0.89,,,,negligible,
DOC-01155,LOT-2026-0119,certification,1,OP01,2024-04-09,2027-03-29,0,0.94,,,,,
DOC-01156,LOT-2026-0120,dds_statement,1,OP07,2026-09-19,,1,0.9,0901,ID,14460,,
DOC-01157,LOT-2026-0120,commercial_invoice,1,OP07,2026-09-11,,0,0.99,1801.00,,14460,,
DOC-01158,LOT-2026-0120,supplier_buyer_info,1,OP07,2026-09-02,,0,0.97,,,,,
DOC-01159,LOT-2026-0120,production_record,1,,2026-08-19,,0,0.93,,ID,14880,,
DOC-01160,LOT-2026-0120,deforestation_evidence,1,,2026-09-02,,0,0.89,,ID,,,2020-08-31
DOC-01161,LOT-2026-0120,legality_land,1,,2024-02-09,2028-03-12,0,0.92,,ID,,,
DOC-01162,LOT-2026-0120,legality_env,1,,2024-06-13,2029-08-28,0,0.93,,,,,
DOC-01163,LOT-2026-0120,legality_labour_tax,1,,2025-09-27,2027-07-29,0,0.87,,,,,
DOC-01164,LOT-2026-0120,risk_assessment,1,,2026-08-31,,0,0.96,,,,negligible,
DOC-01165,LOT-2026-0120,certification,1,OP07,2024-06-20,2027-08-05,0,0.96,,,,,
DOC-01166,LOT-2026-0121,dds_statement,1,OP03,2026-08-13,,1,0.88,0901,ID,7200,,
DOC-01167,LOT-2026-0121,commercial_invoice,1,OP03,2026-08-09,,0,0.97,0901.11,,7200,,
DOC-01168,LOT-2026-0121,supplier_buyer_info,1,OP03,2026-08-02,,0,0.89,,,,,
DOC-01169,LOT-2026-0121,production_record,1,,2026-06-23,,0,0.86,,ID,7260,,
DOC-01170,LOT-2026-0121,deforestation_evidence,1,,2026-07-17,,0,0.93,,ID,,,2020-07-22
DOC-01171,LOT-2026-0121,legality_land,1,,2025-05-27,2029-07-19,0,0.92,,ID,,,
DOC-01172,LOT-2026-0121,legality_env,1,,2025-06-13,2027-06-13,0,0.96,,,,,
DOC-01173,LOT-2026-0121,legality_labour_tax,1,,2025-09-30,2028-10-22,0,0.92,,,,,
DOC-01174,LOT-2026-0121,risk_assessment,1,,2026-08-01,,0,0.91,,,,negligible,
DOC-01175,LOT-2026-0121,certification,1,OP03,2024-05-31,2028-08-03,0,0.93,,,,,
DOC-01176,LOT-2026-0122,dds_statement,1,OP02,2026-08-16,,1,0.89,0901,ID,17940,,
DOC-01177,LOT-2026-0122,commercial_invoice,1,OP02,2026-08-09,,0,0.97,0901.11,,17940,,
DOC-01178,LOT-2026-0122,supplier_buyer_info,1,OP02,2026-08-05,,0,0.9,,,,,
DOC-01179,LOT-2026-0122,production_record,1,,2026-07-14,,0,0.93,,ID,18360,,
DOC-01180,LOT-2026-0122,deforestation_evidence,1,,2026-07-22,,0,0.87,,ID,,,2020-01-20
DOC-01181,LOT-2026-0122,legality_land,1,,2024-02-17,2028-10-21,0,0.94,,ID,,,
DOC-01182,LOT-2026-0122,legality_env,1,,2024-11-28,2029-05-11,0,0.91,,,,,
DOC-01183,LOT-2026-0122,legality_labour_tax,1,,2025-02-09,2028-02-03,0,0.95,,,,,
DOC-01184,LOT-2026-0122,risk_assessment,1,,2026-07-29,,0,0.86,,,,negligible,
DOC-01185,LOT-2026-0122,certification,1,OP02,2024-10-02,2028-01-17,0,0.85,,,,,
DOC-01186,LOT-2026-0123,dds_statement,1,OP05,2026-08-31,,1,0.95,0901,ID,18900,,
DOC-01187,LOT-2026-0123,commercial_invoice,1,OP05,2026-08-28,,0,0.99,0901.11,,18900,,
DOC-01188,LOT-2026-0123,supplier_buyer_info,1,OP05,2026-08-21,,0,0.87,,,,,
DOC-01189,LOT-2026-0123,production_record,1,,2026-07-17,,0,0.96,,ID,19320,,
DOC-01190,LOT-2026-0123,deforestation_evidence,1,,2026-08-11,,0,0.95,,ID,,,2020-05-17
DOC-01191,LOT-2026-0123,legality_land,1,,2024-09-11,2031-08-15,0,0.86,,ID,,,
DOC-01192,LOT-2026-0123,legality_env,1,,2024-03-28,2028-01-03,0,0.98,,,,,
DOC-01193,LOT-2026-0123,legality_labour_tax,1,,2025-02-20,2028-07-09,0,0.96,,,,,
DOC-01194,LOT-2026-0123,risk_assessment,1,,2026-08-12,,0,0.97,,,,negligible,
DOC-01195,LOT-2026-0124,dds_statement,1,OP03,2026-08-16,,1,0.87,0901,ID,16860,,
DOC-01196,LOT-2026-0124,commercial_invoice,1,OP03,2026-08-14,,0,0.87,0901.11,,16860,,
DOC-01197,LOT-2026-0124,supplier_buyer_info,1,OP03,2026-07-27,,0,0.88,,,,,
DOC-01198,LOT-2026-0124,production_record,1,,2026-07-01,,0,0.88,,ID,16860,,
DOC-01199,LOT-2026-0124,deforestation_evidence,1,,2026-07-23,,0,0.98,,ID,,,2020-01-26
DOC-01200,LOT-2026-0124,legality_land,1,,2024-12-22,2029-02-11,0,0.89,,ID,,,
DOC-01201,LOT-2026-0124,legality_env,1,,2025-04-23,2028-09-18,0,0.92,,,,,
DOC-01202,LOT-2026-0124,legality_labour_tax,1,,2024-05-06,2027-04-01,0,0.88,,,,,
DOC-01203,LOT-2026-0124,risk_assessment,1,,2026-08-04,,0,0.92,,,,negligible,
DOC-01204,LOT-2026-0124,certification,1,OP03,2025-04-30,2028-08-23,0,0.93,,,,,
DOC-01205,LOT-2026-0125,dds_statement,1,OP06,2026-08-18,,1,0.95,0901,ID,9960,,
DOC-01206,LOT-2026-0125,commercial_invoice,1,OP06,2026-08-12,,0,0.85,0901.11,,9960,,
DOC-01207,LOT-2026-0125,supplier_buyer_info,1,OP01,2026-08-11,,0,0.87,,,,,
DOC-01208,LOT-2026-0125,production_record,1,,2026-06-26,,0,0.96,,ID,10500,,
DOC-01209,LOT-2026-0125,deforestation_evidence,1,,2026-08-02,,0,0.94,,ID,,,2020-04-23
DOC-01210,LOT-2026-0125,legality_land,1,,2024-11-24,2029-02-27,0,0.89,,ID,,,
DOC-01211,LOT-2026-0125,legality_env,1,,2024-02-24,2028-11-07,0,0.85,,,,,
DOC-01212,LOT-2026-0125,legality_labour_tax,1,,2024-01-10,2028-06-28,0,0.98,,,,,
DOC-01213,LOT-2026-0125,risk_assessment,1,,2026-07-30,,0,0.94,,,,negligible,
DOC-01214,LOT-2026-0126,dds_statement,1,OP04,2026-08-26,,1,0.95,0901,ID,18360,,
DOC-01215,LOT-2026-0126,commercial_invoice,1,OP04,2026-08-20,,0,0.91,0901.11,,18360,,
DOC-01216,LOT-2026-0126,supplier_buyer_info,1,OP04,2026-08-13,,0,0.97,,,,,
DOC-01217,LOT-2026-0126,production_record,1,,2026-06-27,,0,0.89,,ID,18780,,
DOC-01218,LOT-2026-0126,deforestation_evidence,1,,2026-08-02,,0,0.94,,ID,,,2020-06-03
DOC-01219,LOT-2026-0126,legality_land,1,,2025-04-24,2031-07-01,0,0.91,,ID,,,
DOC-01220,LOT-2026-0126,legality_env,1,,2023-04-15,2027-06-08,0,0.92,,,,,
DOC-01221,LOT-2026-0126,legality_labour_tax,1,,2025-01-18,2028-09-25,0,0.94,,,,,
DOC-01222,LOT-2026-0126,risk_assessment,1,,2026-08-16,,0,0.94,,,,negligible,
DOC-01223,LOT-2026-0126,certification,1,OP04,2024-04-20,2028-05-08,0,0.86,,,,,
DOC-01224,LOT-2026-0127,dds_statement,1,OP05,2026-09-21,,1,0.94,0901,ID,19200,,
DOC-01225,LOT-2026-0127,commercial_invoice,1,OP05,2026-09-15,,0,0.88,0901.11,,19200,,
DOC-01226,LOT-2026-0127,supplier_buyer_info,1,OP05,2026-09-06,,0,0.96,,,,,
DOC-01227,LOT-2026-0127,production_record,1,,2026-08-14,,0,0.96,,ID,19200,,
DOC-01228,LOT-2026-0127,deforestation_evidence,1,,2026-08-30,,0,0.89,,ID,,,2020-12-04
DOC-01229,LOT-2026-0127,legality_land,1,,2023-05-24,2028-02-22,0,0.94,,ID,,,
DOC-01230,LOT-2026-0127,legality_env,1,,2023-10-30,2028-02-21,0,0.98,,,,,
DOC-01231,LOT-2026-0127,legality_labour_tax,1,,2025-02-18,2028-04-01,0,0.95,,,,,
DOC-01232,LOT-2026-0127,risk_assessment,1,,2026-09-11,,0,0.93,,,,negligible,
DOC-01233,LOT-2026-0128,dds_statement,1,OP04,2026-08-30,,1,0.92,0901,ID,16920,,
DOC-01234,LOT-2026-0128,commercial_invoice,1,OP04,2026-08-21,,0,0.98,0901.11,,16920,,
DOC-01235,LOT-2026-0128,supplier_buyer_info,1,OP04,2026-08-13,,0,0.9,,,,,
DOC-01236,LOT-2026-0128,production_record,1,,2026-07-24,,0,0.97,,ID,17160,,
DOC-01237,LOT-2026-0128,deforestation_evidence,1,,2026-08-03,,0,0.89,,ID,,,2020-04-02
DOC-01238,LOT-2026-0128,legality_land,1,,2024-04-27,2028-09-19,0,0.95,,ID,,,
DOC-01239,LOT-2026-0128,legality_env,1,,2025-01-12,2029-09-05,0,0.93,,,,,
DOC-01240,LOT-2026-0128,legality_labour_tax,1,,2024-07-06,2028-02-07,0,0.94,,,,,
DOC-01241,LOT-2026-0128,risk_assessment,1,,2026-08-14,,0,0.88,,,,negligible,
DOC-01242,LOT-2026-0128,certification,1,OP04,2024-11-10,2028-03-06,0,0.96,,,,,
DOC-01243,LOT-2026-0129,dds_statement,1,OP06,2026-09-04,,1,0.97,0901,ID,14940,,
DOC-01244,LOT-2026-0129,commercial_invoice,1,OP06,2026-08-26,,0,0.86,0901.11,,14940,,
DOC-01245,LOT-2026-0129,supplier_buyer_info,1,OP06,2026-08-18,,0,0.93,,,,,
DOC-01246,LOT-2026-0129,production_record,1,,2026-07-27,,0,0.86,,ID,15480,,
DOC-01247,LOT-2026-0129,deforestation_evidence,1,,2026-08-19,,0,0.87,,ID,,,2020-09-13
DOC-01248,LOT-2026-0129,legality_land,1,,2024-11-28,2030-02-20,0,0.92,,ID,,,
DOC-01249,LOT-2026-0129,legality_env,1,,2024-02-28,2027-07-26,0,0.97,,,,,
DOC-01250,LOT-2026-0129,legality_labour_tax,1,,2024-06-03,2027-07-19,0,0.99,,,,,
DOC-01251,LOT-2026-0129,risk_assessment,1,,2026-08-22,,0,0.9,,,,negligible,
DOC-01252,LOT-2026-0130,dds_statement,1,OP08,2026-08-21,,1,0.96,0901,ID,19200,,
DOC-01253,LOT-2026-0130,commercial_invoice,1,OP08,2026-08-12,,0,0.9,0901.11,,19200,,
DOC-01254,LOT-2026-0130,supplier_buyer_info,1,OP08,2026-08-12,,0,0.89,,,,,
DOC-01255,LOT-2026-0130,production_record,1,,2026-06-30,,0,0.85,,ID,19200,,
DOC-01256,LOT-2026-0130,deforestation_evidence,1,,2026-08-03,,0,0.96,,ID,,,2020-04-17
DOC-01257,LOT-2026-0130,legality_land,1,,2023-06-22,2031-03-26,0,0.96,,ID,,,
DOC-01258,LOT-2026-0130,legality_env,1,,2024-05-16,2029-08-13,0,0.96,,,,,
DOC-01259,LOT-2026-0130,legality_labour_tax,1,,2024-03-31,2027-07-11,0,0.94,,,,,
DOC-01260,LOT-2026-0130,risk_assessment,1,,2026-08-13,,0,0.94,,,,non_negligible,
DOC-01261,LOT-2026-0130,certification,1,OP08,2025-05-03,2028-01-28,0,0.85,,,,,
DOC-01262,LOT-2026-0130,risk_mitigation,1,,2026-08-16,,0,0.92,,,,,
DOC-01263,LOT-2026-0131,dds_statement,1,OP01,2026-08-28,,1,0.85,0901,ID,18780,,
DOC-01264,LOT-2026-0131,commercial_invoice,1,OP01,2026-08-26,,0,0.94,0901.11,,18780,,
DOC-01265,LOT-2026-0131,production_record,1,,2026-07-13,,0,0.89,,ID,19080,,
DOC-01266,LOT-2026-0131,deforestation_evidence,1,,2026-08-15,,0,0.92,,ID,,,2020-07-15
DOC-01267,LOT-2026-0131,legality_land,1,,2023-11-10,2028-12-08,0,0.86,,ID,,,
DOC-01268,LOT-2026-0131,legality_env,1,,2023-02-16,2028-04-01,0,0.98,,,,,
DOC-01269,LOT-2026-0131,legality_labour_tax,1,,2025-04-11,2028-08-14,0,0.93,,,,,
DOC-01270,LOT-2026-0131,risk_assessment,1,,2026-08-19,,0,0.9,,,,negligible,
DOC-01271,LOT-2026-0132,dds_statement,1,OP06,2026-09-12,,1,0.98,0901,ID,17520,,
DOC-01272,LOT-2026-0132,commercial_invoice,1,OP06,2026-09-04,,0,0.85,0901.11,,17520,,
DOC-01273,LOT-2026-0132,supplier_buyer_info,1,OP06,2026-09-02,,0,0.95,,,,,
DOC-01274,LOT-2026-0132,production_record,1,,2026-08-07,,0,0.88,,ID,17640,,
DOC-01275,LOT-2026-0132,deforestation_evidence,1,,2026-09-02,,0,0.92,,ID,,,2020-10-28
DOC-01276,LOT-2026-0132,legality_land,1,,2023-05-07,2030-01-20,0,0.95,,ID,,,
DOC-01277,LOT-2026-0132,legality_env,1,,2025-03-22,2027-07-09,0,0.9,,,,,
DOC-01278,LOT-2026-0132,legality_labour_tax,1,,2024-09-18,2028-08-29,0,0.94,,,,,
DOC-01279,LOT-2026-0132,risk_assessment,1,,2026-09-04,,0,0.93,,,,negligible,
DOC-01280,LOT-2026-0132,certification,1,OP06,2024-04-20,2028-10-31,0,0.97,,,,,
DOC-01281,LOT-2026-0133,dds_statement,1,OP01,2026-09-27,,1,0.87,0901,ID,12360,,
DOC-01282,LOT-2026-0133,commercial_invoice,1,OP01,2026-09-21,,0,0.92,0901.11,,12360,,
DOC-01283,LOT-2026-0133,supplier_buyer_info,1,OP01,2026-09-18,,0,0.88,,,,,
DOC-01284,LOT-2026-0133,production_record,1,,2026-08-14,,0,0.94,,ID,12960,,
DOC-01285,LOT-2026-0133,deforestation_evidence,1,,2026-09-08,,0,0.94,,ID,,,2020-08-03
DOC-01286,LOT-2026-0133,legality_land,1,,2024-11-09,2030-12-01,0,0.89,,ID,,,
DOC-01287,LOT-2026-0133,legality_env,1,,2024-09-12,2029-05-18,0,0.87,,,,,
DOC-01288,LOT-2026-0133,legality_labour_tax,1,,2024-04-17,2028-08-05,0,0.95,,,,,
DOC-01289,LOT-2026-0133,risk_assessment,1,,2026-09-15,,0,0.87,,,,non_negligible,
DOC-01290,LOT-2026-0133,certification,1,OP01,2024-04-18,2028-05-24,0,0.88,,,,,
DOC-01291,LOT-2026-0134,dds_statement,1,OP04,2026-08-24,,1,0.95,0901,ID,13980,,
DOC-01292,LOT-2026-0134,commercial_invoice,1,OP04,2026-08-18,,0,0.87,0901.11,,13980,,
DOC-01293,LOT-2026-0134,supplier_buyer_info,1,OP04,2026-08-09,,0,0.92,,,,,
DOC-01294,LOT-2026-0134,production_record,1,,2026-07-19,,0,0.95,,ID,14160,,
DOC-01295,LOT-2026-0134,deforestation_evidence,1,,2026-07-30,,0,0.88,,ID,,,2020-06-18
DOC-01296,LOT-2026-0134,legality_land,1,,2023-01-14,2031-10-07,0,0.86,,ID,,,
DOC-01297,LOT-2026-0134,legality_env,1,,2023-04-24,2029-10-03,0,0.93,,,,,
DOC-01298,LOT-2026-0134,legality_labour_tax,1,,2025-05-20,2027-07-31,0,0.98,,,,,
DOC-01299,LOT-2026-0134,risk_assessment,1,,2026-08-13,,0,0.96,,,,negligible,
DOC-01300,LOT-2026-0134,certification,1,OP04,2024-04-13,2027-09-20,0,0.94,,,,,
DOC-01301,LOT-2026-0135,dds_statement,1,OP08,2026-08-30,,1,0.96,0901,ID,13080,,
DOC-01302,LOT-2026-0135,commercial_invoice,1,OP08,2026-08-28,,0,0.97,0901.11,,13080,,
DOC-01303,LOT-2026-0135,supplier_buyer_info,1,OP08,2026-08-18,,0,0.96,,,,,
DOC-01304,LOT-2026-0135,production_record,1,,2026-07-30,,0,0.91,,ID,13380,,
DOC-01305,LOT-2026-0135,deforestation_evidence,1,,2026-08-17,,0,0.97,,ID,,,2020-02-18
DOC-01306,LOT-2026-0135,legality_land,1,,2025-06-30,2028-04-03,0,0.85,,ID,,,
DOC-01307,LOT-2026-0135,legality_env,1,,2023-05-22,2029-04-10,0,0.39,,,,,
DOC-01308,LOT-2026-0135,legality_labour_tax,1,,2024-12-02,2028-03-01,0,0.98,,,,,
DOC-01309,LOT-2026-0135,risk_assessment,1,,2026-08-23,,0,0.98,,,,negligible,
DOC-01310,LOT-2026-0135,certification,1,OP08,2024-04-05,2028-01-17,0,0.96,,,,,
DOC-01311,LOT-2026-0136,dds_statement,1,OP07,2026-09-10,,1,0.97,0901,ID,18780,,
DOC-01312,LOT-2026-0136,commercial_invoice,1,OP07,2026-09-02,,0,0.94,0901.11,,18780,,
DOC-01313,LOT-2026-0136,supplier_buyer_info,1,OP07,2026-08-22,,0,0.87,,,,,
DOC-01314,LOT-2026-0136,production_record,1,,2026-07-30,,0,0.95,,ID,18900,,
DOC-01315,LOT-2026-0136,deforestation_evidence,1,,2026-08-30,,0,0.86,,ID,,,2020-03-22
DOC-01316,LOT-2026-0136,legality_land,1,,2024-08-27,2030-09-15,0,0.96,,ID,,,
DOC-01317,LOT-2026-0136,legality_env,1,,2024-11-25,2028-08-22,0,0.88,,,,,
DOC-01318,LOT-2026-0136,legality_labour_tax,1,,2025-01-23,2026-08-06,0,0.94,,,,,
DOC-01319,LOT-2026-0136,risk_assessment,1,,2026-08-24,,0,0.97,,,,negligible,
DOC-01320,LOT-2026-0137,dds_statement,1,OP08,2026-09-14,,0,0.86,0901,ID,12300,,
DOC-01321,LOT-2026-0137,commercial_invoice,1,OP08,2026-09-07,,0,0.85,0901.11,,12300,,
DOC-01322,LOT-2026-0137,supplier_buyer_info,1,OP08,2026-08-25,,0,0.94,,,,,
DOC-01323,LOT-2026-0137,production_record,1,,2026-08-01,,0,0.95,,ID,12840,,
DOC-01324,LOT-2026-0137,deforestation_evidence,1,,2026-08-28,,0,0.97,,ID,,,2020-12-08
DOC-01325,LOT-2026-0137,legality_land,1,,2024-06-15,2030-12-07,0,0.95,,ID,,,
DOC-01326,LOT-2026-0137,legality_env,1,,2024-09-25,2027-09-06,0,0.91,,,,,
DOC-01327,LOT-2026-0137,legality_labour_tax,1,,2024-09-11,2028-07-06,0,0.9,,,,,
DOC-01328,LOT-2026-0137,risk_assessment,1,,2026-09-08,,0,0.94,,,,negligible,
DOC-01329,LOT-2026-0137,certification,1,OP08,2025-07-25,2028-09-19,0,0.86,,,,,
DOC-01330,LOT-2026-0138,dds_statement,1,OP03,2026-09-09,,1,0.97,0901,ID,13200,,
DOC-01331,LOT-2026-0138,commercial_invoice,1,OP03,2026-09-06,,0,0.96,0901.11,,13200,,
DOC-01332,LOT-2026-0138,supplier_buyer_info,1,OP03,2026-08-28,,0,0.88,,,,,
DOC-01333,LOT-2026-0138,production_record,1,,2026-07-14,,0,0.86,,ID,13440,,
DOC-01334,LOT-2026-0138,deforestation_evidence,1,,2026-08-23,,0,0.94,,ID,,,2020-10-08
DOC-01335,LOT-2026-0138,legality_land,1,,2024-02-17,2029-04-26,0,0.86,,ID,,,
DOC-01336,LOT-2026-0138,legality_env,1,,2024-03-30,2029-08-29,0,0.93,,,,,
DOC-01337,LOT-2026-0138,legality_labour_tax,1,,2024-03-31,2028-07-23,0,0.91,,,,,
DOC-01338,LOT-2026-0138,risk_assessment,1,,2026-08-27,,0,0.87,,,,negligible,
DOC-01339,LOT-2026-0138,certification,1,OP03,2024-01-19,2027-04-16,0,0.91,,,,,
DOC-01340,LOT-2026-0139,dds_statement,1,OP01,2026-09-14,,1,0.96,0901,ID,6000,,
DOC-01341,LOT-2026-0139,commercial_invoice,1,OP01,2026-09-08,,0,0.97,0901.11,,6000,,
DOC-01342,LOT-2026-0139,supplier_buyer_info,1,OP01,2026-08-30,,0,0.88,,,,,
DOC-01343,LOT-2026-0139,production_record,1,,2026-07-20,,0,0.91,,ID,6600,,
DOC-01344,LOT-2026-0139,deforestation_evidence,1,,2026-08-25,,0,0.97,,ID,,,2020-07-05
DOC-01345,LOT-2026-0139,legality_land,1,,2025-04-16,2029-04-01,0,0.97,,ID,,,
DOC-01346,LOT-2026-0139,legality_env,1,,2023-12-06,2028-12-25,0,0.96,,,,,
DOC-01347,LOT-2026-0139,legality_labour_tax,1,,2025-09-06,2028-06-27,0,0.95,,,,,
DOC-01348,LOT-2026-0139,risk_assessment,1,,2026-09-07,,0,0.9,,,,non_negligible,
DOC-01349,LOT-2026-0139,certification,1,OP01,2024-04-09,2028-11-05,0,0.88,,,,,
DOC-01350,LOT-2026-0139,risk_mitigation,1,,2026-09-10,,0,0.9,,,,,
DOC-01351,LOT-2026-0140,dds_statement,1,OP06,2026-09-27,,1,0.92,0901,ID,6660,,
DOC-01352,LOT-2026-0140,commercial_invoice,1,OP06,2026-09-19,,0,0.86,0901.11,,6660,,
DOC-01353,LOT-2026-0140,supplier_buyer_info,1,OP06,2026-09-11,,0,0.88,,,,,
DOC-01354,LOT-2026-0140,production_record,1,,2026-07-31,,0,0.98,,ID,6720,,
DOC-01355,LOT-2026-0140,deforestation_evidence,1,,2026-09-05,,0,0.91,,ID,,,2020-04-20
DOC-01356,LOT-2026-0140,legality_land,1,,2025-03-11,2029-01-25,0,0.95,,ID,,,
DOC-01357,LOT-2026-0140,legality_env,1,,2023-04-21,2029-07-15,0,0.91,,,,,
DOC-01358,LOT-2026-0140,legality_labour_tax,1,,2025-08-25,2027-07-05,0,0.96,,,,,
DOC-01359,LOT-2026-0140,risk_assessment,1,,2026-09-19,,0,0.91,,,,negligible,
DOC-01360,LOT-2026-0141,dds_statement,1,OP03,2026-09-14,,1,0.93,0901,ID,14100,,
DOC-01361,LOT-2026-0141,commercial_invoice,1,OP03,2026-09-06,,0,0.97,0901.11,,14100,,
DOC-01362,LOT-2026-0141,supplier_buyer_info,1,OP03,2026-08-31,,0,0.98,,,,,
DOC-01363,LOT-2026-0141,production_record,1,,2026-07-23,,0,0.95,,ID,14220,,
DOC-01364,LOT-2026-0141,deforestation_evidence,1,,2026-08-30,,0,0.86,,ID,,,2020-03-06
DOC-01365,LOT-2026-0141,legality_land,1,,2024-11-04,2031-05-14,0,0.93,,ID,,,
DOC-01366,LOT-2026-0141,legality_env,1,,2023-11-26,2028-10-29,0,0.38,,,,,
DOC-01367,LOT-2026-0141,legality_labour_tax,1,,2025-03-04,2028-11-13,0,0.98,,,,,
DOC-01368,LOT-2026-0141,risk_assessment,1,,2026-09-08,,0,0.96,,,,negligible,
DOC-01369,LOT-2026-0141,certification,1,OP03,2024-12-17,2027-10-29,0,0.91,,,,,
DOC-01370,LOT-2026-0142,dds_statement,1,OP05,2026-09-23,,1,0.95,0901,ID,19200,,
DOC-01371,LOT-2026-0142,commercial_invoice,1,OP05,2026-09-18,,0,0.88,0901.11,,19200,,
DOC-01372,LOT-2026-0142,supplier_buyer_info,1,OP05,2026-09-07,,0,0.95,,,,,
DOC-01373,LOT-2026-0142,production_record,1,,2026-08-14,,0,0.9,,ID,19800,,
DOC-01374,LOT-2026-0142,deforestation_evidence,1,,2026-09-09,,0,0.94,,ID,,,2020-12-29
DOC-01375,LOT-2026-0142,legality_land,1,,2023-07-02,2030-10-28,0,0.93,,ID,,,
DOC-01376,LOT-2026-0142,legality_env,1,,2024-10-14,2028-04-26,0,0.95,,,,,
DOC-01377,LOT-2026-0142,legality_labour_tax,1,,2024-12-26,2028-09-26,0,0.92,,,,,
DOC-01378,LOT-2026-0142,risk_assessment,1,,2026-09-06,,0,0.93,,,,negligible,
DOC-01379,LOT-2026-0143,dds_statement,1,OP07,2026-09-21,,1,0.97,0901,ID,18900,,
DOC-01380,LOT-2026-0143,commercial_invoice,1,OP07,2026-09-13,,0,0.96,0901.11,,18900,,
DOC-01381,LOT-2026-0143,supplier_buyer_info,1,OP07,2026-09-06,,0,0.86,,,,,
DOC-01382,LOT-2026-0143,production_record,1,,2026-08-05,,0,0.87,,ID,19260,,
DOC-01383,LOT-2026-0143,deforestation_evidence,1,,2026-09-10,,0,0.89,,ID,,,2020-04-12
DOC-01384,LOT-2026-0143,legality_land,1,,2025-03-15,2028-11-25,0,0.99,,ID,,,
DOC-01385,LOT-2026-0143,legality_env,1,,2024-11-30,2028-02-12,0,0.87,,,,,
DOC-01386,LOT-2026-0143,legality_labour_tax,1,,2024-03-04,2027-12-28,0,0.88,,,,,
DOC-01387,LOT-2026-0143,risk_assessment,1,,2026-09-11,,0,0.93,,,,negligible,
DOC-01388,LOT-2026-0143,certification,1,OP07,2025-04-08,2027-04-15,0,0.94,,,,,
DOC-01389,LOT-2026-0144,dds_statement,1,OP04,2026-09-20,,1,0.96,0901,ID,11940,,
DOC-01390,LOT-2026-0144,commercial_invoice,1,OP04,2026-09-14,,0,0.95,0901.11,,11940,,
DOC-01391,LOT-2026-0144,supplier_buyer_info,1,OP04,2026-09-13,,0,0.98,,,,,
DOC-01392,LOT-2026-0144,production_record,1,,2026-08-14,,0,0.91,,ID,12300,,
DOC-01393,LOT-2026-0144,deforestation_evidence,1,,2026-08-31,,0,0.86,,ID,,,2020-10-09
DOC-01394,LOT-2026-0144,legality_land,1,,2025-01-31,2029-05-29,0,0.88,,ID,,,
DOC-01395,LOT-2026-0144,legality_env,1,,2025-06-08,2029-08-08,0,0.97,,,,,
DOC-01396,LOT-2026-0144,legality_labour_tax,1,,2025-03-29,2027-10-17,0,0.98,,,,,
DOC-01397,LOT-2026-0144,risk_assessment,1,,2026-09-06,,0,0.95,,,,negligible,
DOC-01398,LOT-2026-0145,dds_statement,1,OP04,2026-08-24,,1,0.86,0901,ID,12840,,
DOC-01399,LOT-2026-0145,commercial_invoice,1,OP04,2026-08-20,,0,0.95,0901.11,,12840,,
DOC-01400,LOT-2026-0145,supplier_buyer_info,1,OP04,2026-08-16,,0,0.9,,,,,
DOC-01401,LOT-2026-0145,production_record,1,,2026-07-20,,0,0.89,,ID,13200,,
DOC-01402,LOT-2026-0145,deforestation_evidence,1,,2026-08-06,,0,0.87,,ID,,,2020-03-07
DOC-01403,LOT-2026-0145,legality_land,1,,2025-05-16,2029-06-06,0,0.85,,ID,,,
DOC-01404,LOT-2026-0145,legality_env,1,,2024-04-22,2029-05-27,0,0.98,,,,,
DOC-01405,LOT-2026-0145,legality_labour_tax,1,,2024-02-10,2027-08-05,0,0.98,,,,,
DOC-01406,LOT-2026-0145,risk_assessment,1,,2026-08-08,,0,0.93,,,,negligible,
DOC-01407,LOT-2026-0146,dds_statement,1,OP05,2026-09-08,,1,0.86,0901,ID,14760,,
DOC-01408,LOT-2026-0146,commercial_invoice,1,OP05,2026-09-01,,0,0.92,0901.11,,14760,,
DOC-01409,LOT-2026-0146,supplier_buyer_info,1,OP05,2026-08-30,,0,0.92,,,,,
DOC-01410,LOT-2026-0146,production_record,1,,2026-07-23,,0,0.87,,ID,15240,,
DOC-01411,LOT-2026-0146,deforestation_evidence,1,,2026-08-12,,0,0.91,,ID,,,2020-10-01
DOC-01412,LOT-2026-0146,legality_land,1,,2023-12-24,2029-03-29,0,0.97,,ID,,,
DOC-01413,LOT-2026-0146,legality_env,1,,2024-11-10,2028-05-05,0,0.9,,,,,
DOC-01414,LOT-2026-0146,legality_labour_tax,1,,2024-10-27,2027-10-10,0,0.98,,,,,
DOC-01415,LOT-2026-0146,risk_assessment,1,,2026-08-28,,0,0.94,,,,negligible,
DOC-01416,LOT-2026-0146,certification,1,OP05,2025-07-28,2028-10-26,0,0.85,,,,,
DOC-01417,LOT-2026-0147,dds_statement,1,OP06,2026-09-10,,1,0.94,0901,ID,15840,,
DOC-01418,LOT-2026-0147,commercial_invoice,1,OP06,2026-09-08,,0,0.95,0901.11,,15840,,
DOC-01419,LOT-2026-0147,supplier_buyer_info,1,OP06,2026-08-29,,0,0.9,,,,,
DOC-01420,LOT-2026-0147,production_record,1,,2026-07-23,,0,0.9,,ID,15900,,
DOC-01421,LOT-2026-0147,deforestation_evidence,1,,2026-08-14,,0,0.85,,ID,,,2020-05-24
DOC-01422,LOT-2026-0147,legality_land,1,,2024-06-13,2026-04-23,0,0.92,,ID,,,
DOC-01423,LOT-2026-0147,legality_env,1,,2024-06-04,2028-08-30,0,0.92,,,,,
DOC-01424,LOT-2026-0147,legality_labour_tax,1,,2024-10-30,2028-12-27,0,0.88,,,,,
DOC-01425,LOT-2026-0147,risk_assessment,1,,2026-08-21,,0,0.92,,,,negligible,
DOC-01426,LOT-2026-0148,dds_statement,1,OP01,2026-09-23,,1,0.96,0901,ID,9180,,
DOC-01427,LOT-2026-0148,commercial_invoice,1,OP01,2026-09-15,,0,0.97,0901.11,,9180,,
DOC-01428,LOT-2026-0148,supplier_buyer_info,1,OP01,2026-09-13,,0,0.93,,,,,
DOC-01429,LOT-2026-0148,production_record,1,,2026-08-03,,0,0.94,,ID,9540,,
DOC-01430,LOT-2026-0148,deforestation_evidence,1,,2026-09-11,,0,0.87,,ID,,,2020-12-17
DOC-01431,LOT-2026-0148,legality_land,1,,2024-04-15,2029-11-10,0,0.86,,ID,,,
DOC-01432,LOT-2026-0148,legality_env,1,,2023-03-17,2027-07-26,0,0.87,,,,,
DOC-01433,LOT-2026-0148,legality_labour_tax,1,,2024-09-14,2028-09-22,0,0.86,,,,,
DOC-01434,LOT-2026-0148,risk_assessment,1,,2026-09-07,,0,0.97,,,,negligible,
DOC-01435,LOT-2026-0149,dds_statement,1,OP07,2026-09-04,,0,0.89,0901,ID,15660,,
DOC-01436,LOT-2026-0149,commercial_invoice,1,OP07,2026-08-27,,0,0.94,0901.11,,15660,,
DOC-01437,LOT-2026-0149,supplier_buyer_info,1,OP07,2026-08-20,,0,0.85,,,,,
DOC-01438,LOT-2026-0149,production_record,1,,2026-07-24,,0,0.86,,ID,16200,,
DOC-01439,LOT-2026-0149,deforestation_evidence,1,,2026-08-07,,0,0.95,,ID,,,2020-01-24
DOC-01440,LOT-2026-0149,legality_land,1,,2023-03-16,2030-01-02,0,0.98,,ID,,,
DOC-01441,LOT-2026-0149,legality_env,1,,2023-04-19,2028-03-23,0,0.96,,,,,
DOC-01442,LOT-2026-0149,legality_labour_tax,1,,2024-11-04,2028-11-11,0,0.86,,,,,
DOC-01443,LOT-2026-0149,risk_assessment,1,,2026-08-23,,0,0.96,,,,negligible,
DOC-01444,LOT-2026-0149,certification,1,OP07,2025-02-08,2028-11-07,0,0.85,,,,,
DOC-01445,LOT-2026-0150,dds_statement,1,OP03,2026-09-16,,1,0.96,0901,ID,8040,,
DOC-01446,LOT-2026-0150,commercial_invoice,1,OP03,2026-09-10,,0,0.98,0901.11,,8040,,
DOC-01447,LOT-2026-0150,supplier_buyer_info,1,OP03,2026-09-07,,0,0.89,,,,,
DOC-01448,LOT-2026-0150,production_record,1,,2026-07-25,,0,0.9,,ID,8640,,
DOC-01449,LOT-2026-0150,deforestation_evidence,1,,2026-09-06,,0,0.97,,ID,,,2020-10-10
DOC-01450,LOT-2026-0150,legality_land,1,,2023-05-25,2028-09-09,0,0.86,,ID,,,
DOC-01451,LOT-2026-0150,legality_env,1,,2024-08-09,2029-01-31,0,0.91,,,,,
DOC-01452,LOT-2026-0150,legality_labour_tax,1,,2025-07-14,2027-05-27,0,0.89,,,,,
DOC-01453,LOT-2026-0150,risk_assessment,1,,2026-09-04,,0,0.95,,,,non_negligible,
DOC-01454,LOT-2026-0150,risk_mitigation,1,,2026-09-08,,0,0.9,,,,,
DOC-01455,LOT-2026-0151,dds_statement,1,OP03,2026-08-23,,1,0.89,0901,ID,9360,,
DOC-01456,LOT-2026-0151,commercial_invoice,1,OP03,2026-08-20,,0,0.88,0901.11,,9360,,
DOC-01457,LOT-2026-0151,supplier_buyer_info,1,OP03,2026-08-04,,0,0.93,,,,,
DOC-01458,LOT-2026-0151,production_record,1,,2026-07-05,,0,0.97,,ID,8880,,
DOC-01459,LOT-2026-0151,deforestation_evidence,1,,2026-07-27,,0,0.94,,ID,,,2020-08-24
DOC-01460,LOT-2026-0151,legality_land,1,,2023-03-16,2029-08-18,0,0.94,,ID,,,
DOC-01461,LOT-2026-0151,legality_env,1,,2023-09-14,2027-09-09,0,0.88,,,,,
DOC-01462,LOT-2026-0151,legality_labour_tax,1,,2025-08-17,2028-07-11,0,0.98,,,,,
DOC-01463,LOT-2026-0151,risk_assessment,1,,2026-08-04,,0,0.9,,,,negligible,
DOC-01464,LOT-2026-0152,dds_statement,1,OP02,2026-08-28,,1,0.89,0901,ID,7020,,
DOC-01465,LOT-2026-0152,commercial_invoice,1,OP02,2026-08-19,,0,0.9,0901.11,,7020,,
DOC-01466,LOT-2026-0152,supplier_buyer_info,1,OP02,2026-08-11,,0,0.89,,,,,
DOC-01467,LOT-2026-0152,production_record,1,,2026-07-01,,0,0.87,,ID,7560,,
DOC-01468,LOT-2026-0152,deforestation_evidence,1,,2026-07-31,,0,0.96,,ID,,,2020-07-05
DOC-01469,LOT-2026-0152,legality_land,1,,2024-03-14,2028-12-11,0,0.85,,ID,,,
DOC-01470,LOT-2026-0152,legality_env,1,,2023-09-10,2029-08-13,0,0.88,,,,,
DOC-01471,LOT-2026-0152,legality_labour_tax,1,,2025-03-22,2027-12-09,0,0.97,,,,,
DOC-01472,LOT-2026-0152,risk_assessment,1,,2026-08-19,,0,0.87,,,,negligible,
DOC-01473,LOT-2026-0153,dds_statement,1,OP08,2026-09-09,,1,0.92,0901,ID,11460,,
DOC-01474,LOT-2026-0153,commercial_invoice,1,OP08,2026-09-06,,0,0.87,0901.11,,11460,,
DOC-01475,LOT-2026-0153,supplier_buyer_info,1,OP08,2026-08-24,,0,0.86,,,,,
DOC-01476,LOT-2026-0153,production_record,1,,2026-07-17,,0,0.97,,ID,11700,,
DOC-01477,LOT-2026-0153,deforestation_evidence,1,,2026-08-26,,0,0.88,,ID,,,2020-10-02
DOC-01478,LOT-2026-0153,legality_land,1,,2025-01-21,2031-07-07,0,0.86,,ID,,,
DOC-01479,LOT-2026-0153,legality_env,1,,2023-03-19,2029-11-30,0,0.85,,,,,
DOC-01480,LOT-2026-0153,legality_labour_tax,1,,2025-06-03,2028-12-06,0,0.85,,,,,
DOC-01481,LOT-2026-0153,certification,1,OP08,2025-08-27,2027-08-06,0,0.98,,,,,
DOC-01482,LOT-2026-0154,dds_statement,1,OP05,2026-09-13,,1,0.87,0901,ID,13200,,
DOC-01483,LOT-2026-0154,commercial_invoice,1,OP05,2026-09-05,,0,0.88,0901.11,,13200,,
DOC-01484,LOT-2026-0154,supplier_buyer_info,1,OP05,2026-08-25,,0,0.93,,,,,
DOC-01485,LOT-2026-0154,production_record,1,,2026-07-25,,0,0.87,,ID,13440,,
DOC-01486,LOT-2026-0154,deforestation_evidence,1,,2026-08-18,,0,0.86,,ID,,,2020-09-18
DOC-01487,LOT-2026-0154,legality_land,1,,2024-01-08,2030-10-25,0,0.85,,ID,,,
DOC-01488,LOT-2026-0154,legality_env,1,,2023-09-02,2029-10-16,0,0.98,,,,,
DOC-01489,LOT-2026-0154,legality_labour_tax,1,,2025-09-20,2027-08-17,0,0.96,,,,,
DOC-01490,LOT-2026-0154,risk_assessment,1,,2026-08-26,,0,0.87,,,,negligible,
DOC-01491,LOT-2026-0154,certification,1,OP05,2025-08-02,2028-08-02,0,0.94,,,,,
DOC-01492,LOT-2026-0155,dds_statement,1,OP03,2026-09-11,,1,0.92,0901,ID,6600,,
DOC-01493,LOT-2026-0155,commercial_invoice,1,OP03,2026-09-08,,0,0.89,0901.11,,6600,,
DOC-01494,LOT-2026-0155,supplier_buyer_info,1,OP03,2026-09-01,,0,0.86,,,,,
DOC-01495,LOT-2026-0155,production_record,2,,2026-08-05,,0,0.92,,ID,6780,,
DOC-01496,LOT-2026-0155,deforestation_evidence,1,,2026-08-21,,0,0.92,,ID,,,2020-07-17
DOC-01497,LOT-2026-0155,legality_land,1,,2024-04-10,2028-04-05,0,0.86,,ID,,,
DOC-01498,LOT-2026-0155,legality_env,1,,2024-10-26,2028-04-27,0,0.86,,,,,
DOC-01499,LOT-2026-0155,legality_labour_tax,1,,2025-06-17,2028-12-08,0,0.97,,,,,
DOC-01500,LOT-2026-0155,risk_assessment,1,,2026-08-24,,0,0.97,,,,negligible,
DOC-01501,LOT-2026-0155,certification,1,OP03,2025-07-11,2028-08-06,0,0.87,,,,,
DOC-01502,LOT-2026-0155,production_record,1,,2026-07-29,,0,0.72,,ID,5460,,
DOC-01503,LOT-2026-0156,dds_statement,1,OP02,2026-09-14,,1,0.92,0901,ID,11760,,
DOC-01504,LOT-2026-0156,commercial_invoice,2,OP02,2026-09-07,,0,0.96,0901.11,,11760,,
DOC-01505,LOT-2026-0156,supplier_buyer_info,1,OP02,2026-09-02,,0,0.92,,,,,
DOC-01506,LOT-2026-0156,production_record,1,,2026-07-17,,0,0.97,,ID,12180,,
DOC-01507,LOT-2026-0156,deforestation_evidence,1,,2026-09-04,,0,0.97,,ID,,,2020-09-13
DOC-01508,LOT-2026-0156,legality_land,1,,2024-03-26,2028-12-05,0,0.88,,ID,,,
DOC-01509,LOT-2026-0156,legality_env,1,,2024-06-10,2029-03-20,0,0.89,,,,,
DOC-01510,LOT-2026-0156,legality_labour_tax,1,,2024-06-02,2027-09-08,0,0.87,,,,,
DOC-01511,LOT-2026-0156,risk_assessment,1,,2026-09-05,,0,0.93,,,,negligible,
DOC-01512,LOT-2026-0156,commercial_invoice,1,OP02,2026-08-30,,0,0.72,0901.11,,12660,,
DOC-01513,LOT-2026-0157,dds_statement,1,OP02,2026-09-08,,1,0.93,0901,ID,13320,,
DOC-01514,LOT-2026-0157,commercial_invoice,1,OP02,2026-08-31,,0,0.85,0901.11,,13320,,
DOC-01515,LOT-2026-0157,supplier_buyer_info,1,OP02,2026-09-01,,0,0.87,,,,,
DOC-01516,LOT-2026-0157,production_record,1,,2026-07-25,,0,0.87,,ID,13860,,
DOC-01517,LOT-2026-0157,deforestation_evidence,1,,2026-08-13,,0,0.97,,ID,,,2020-01-21
DOC-01518,LOT-2026-0157,legality_land,1,,2023-05-31,2028-04-24,0,0.87,,ID,,,
DOC-01519,LOT-2026-0157,legality_env,1,,2023-07-04,2028-11-11,0,0.98,,,,,
DOC-01520,LOT-2026-0157,legality_labour_tax,1,,2025-09-05,2028-09-28,0,0.94,,,,,
DOC-01521,LOT-2026-0157,risk_assessment,1,,2026-08-30,,0,0.97,,,,negligible,
DOC-01522,LOT-2026-0158,dds_statement,1,OP05,2026-08-18,,1,0.97,0901,ID,12840,,
DOC-01523,LOT-2026-0158,commercial_invoice,1,OP05,2026-08-14,,0,0.88,0901.11,,12840,,
DOC-01524,LOT-2026-0158,supplier_buyer_info,1,OP05,2026-08-05,,0,0.93,,,,,
DOC-01525,LOT-2026-0158,production_record,1,,2026-06-30,,0,0.96,,ID,13380,,
DOC-01526,LOT-2026-0158,deforestation_evidence,1,,2026-08-03,,0,0.94,,ID,,,2020-11-15
DOC-01527,LOT-2026-0158,legality_land,1,,2023-09-28,2028-12-09,0,0.95,,ID,,,
DOC-01528,LOT-2026-0158,legality_env,1,,2023-12-17,2029-12-31,0,0.91,,,,,
DOC-01529,LOT-2026-0158,legality_labour_tax,1,,2025-08-27,2027-05-10,0,0.88,,,,,
DOC-01530,LOT-2026-0158,risk_assessment,1,,2026-08-05,,0,0.9,,,,negligible,
DOC-01531,LOT-2026-0158,certification,1,OP05,2024-07-26,2028-06-19,0,0.97,,,,,
DOC-01532,LOT-2026-0159,dds_statement,1,OP07,2026-08-19,,1,0.98,0901,ID,7440,,
DOC-01533,LOT-2026-0159,commercial_invoice,1,OP07,2026-08-17,,0,0.97,0901.11,,7440,,
DOC-01534,LOT-2026-0159,supplier_buyer_info,1,OP07,2026-08-04,,0,0.92,,,,,
DOC-01535,LOT-2026-0159,production_record,1,,2026-07-15,,0,0.86,,ID,7500,,
DOC-01536,LOT-2026-0159,deforestation_evidence,1,,2026-08-05,,0,0.93,,ID,,,2020-11-04
DOC-01537,LOT-2026-0159,legality_land,1,,2023-01-02,2031-10-21,0,0.94,,ID,,,
DOC-01538,LOT-2026-0159,legality_env,1,,2024-06-18,2028-08-04,0,0.9,,,,,
DOC-01539,LOT-2026-0159,legality_labour_tax,1,,2024-02-14,2028-08-24,0,0.91,,,,,
DOC-01540,LOT-2026-0159,risk_assessment,1,,2026-08-06,,0,0.98,,,,negligible,
DOC-01541,LOT-2026-0159,certification,1,OP07,2025-01-25,2027-12-25,0,0.93,,,,,
DOC-01542,LOT-2026-0160,dds_statement,1,OP02,2026-09-09,,1,0.88,0901,ID,9900,,
DOC-01543,LOT-2026-0160,commercial_invoice,1,OP02,2026-09-06,,0,0.89,0901.11,,9900,,
DOC-01544,LOT-2026-0160,supplier_buyer_info,1,OP02,2026-08-25,,0,0.91,,,,,
DOC-01545,LOT-2026-0160,production_record,1,,2026-07-26,,0,0.85,,ID,10080,,
DOC-01546,LOT-2026-0160,deforestation_evidence,1,,2026-08-30,,0,0.92,,ID,,,2020-10-22
DOC-01547,LOT-2026-0160,legality_land,1,,2024-06-16,2028-01-15,0,0.9,,ID,,,
DOC-01548,LOT-2026-0160,legality_env,1,,2023-07-30,2029-05-05,0,0.96,,,,,
DOC-01549,LOT-2026-0160,legality_labour_tax,1,,2025-02-22,2028-03-05,0,0.86,,,,,
DOC-01550,LOT-2026-0160,risk_assessment,1,,2026-08-22,,0,0.91,,,,negligible,
DOC-01551,LOT-2026-0160,certification,1,OP02,2024-09-24,2028-07-02,0,0.91,,,,,
DOC-01552,LOT-2026-0161,dds_statement,1,OP06,2026-09-20,,1,0.88,0901,ID,16440,,
DOC-01553,LOT-2026-0161,commercial_invoice,1,OP06,2026-09-11,,0,0.88,1801.00,,16440,,
DOC-01554,LOT-2026-0161,supplier_buyer_info,1,OP06,2026-09-05,,0,0.93,,,,,
DOC-01555,LOT-2026-0161,production_record,1,,2026-08-09,,0,0.99,,ID,16680,,
DOC-01556,LOT-2026-0161,deforestation_evidence,1,,2026-08-23,,0,0.96,,ID,,,2020-06-25
DOC-01557,LOT-2026-0161,legality_land,1,,2024-02-12,2028-10-09,0,0.97,,ID,,,
DOC-01558,LOT-2026-0161,legality_env,1,,2024-11-06,2027-09-30,0,0.95,,,,,
DOC-01559,LOT-2026-0161,legality_labour_tax,1,,2025-04-02,2027-08-13,0,0.86,,,,,
DOC-01560,LOT-2026-0161,risk_assessment,1,,2026-09-02,,0,0.92,,,,negligible,
DOC-01561,LOT-2026-0162,dds_statement,1,OP01,2026-08-21,,1,0.86,0901,ID,15720,,
DOC-01562,LOT-2026-0162,commercial_invoice,1,OP01,2026-08-17,,0,0.92,0901.11,,15720,,
DOC-01563,LOT-2026-0162,supplier_buyer_info,1,OP01,2026-08-05,,0,0.91,,,,,
DOC-01564,LOT-2026-0162,production_record,1,,2026-07-22,,0,0.89,,ID,14700,,
DOC-01565,LOT-2026-0162,deforestation_evidence,1,,2026-07-31,,0,0.94,,ID,,,2020-02-10
DOC-01566,LOT-2026-0162,legality_land,1,,2025-01-11,2030-02-26,0,0.98,,ID,,,
DOC-01567,LOT-2026-0162,legality_env,1,,2024-02-15,2029-02-18,0,0.94,,,,,
DOC-01568,LOT-2026-0162,legality_labour_tax,1,,2024-10-20,2028-11-01,0,0.86,,,,,
DOC-01569,LOT-2026-0162,risk_assessment,1,,2026-08-03,,0,0.96,,,,negligible,
DOC-01570,LOT-2026-0162,certification,1,OP01,2025-05-21,2028-03-25,0,0.85,,,,,
DOC-01571,LOT-2026-0163,dds_statement,1,OP05,2026-08-26,,1,0.92,0901,ID,18000,,
DOC-01572,LOT-2026-0163,commercial_invoice,1,OP05,2026-08-21,,0,0.94,0901.11,,18000,,
DOC-01573,LOT-2026-0163,supplier_buyer_info,1,OP05,2026-08-09,,0,0.86,,,,,
DOC-01574,LOT-2026-0163,production_record,1,,2026-07-08,,0,0.94,,ID,18180,,
DOC-01575,LOT-2026-0163,deforestation_evidence,1,,2026-08-11,,0,0.99,,ID,,,2020-02-14
DOC-01576,LOT-2026-0163,legality_land,1,,2025-03-09,2030-03-29,0,0.9,,ID,,,
DOC-01577,LOT-2026-0163,legality_env,1,,2024-02-09,2028-07-20,0,0.93,,,,,
DOC-01578,LOT-2026-0163,legality_labour_tax,1,,2025-06-14,2027-03-16,0,0.95,,,,,
DOC-01579,LOT-2026-0163,risk_assessment,1,,2026-08-12,,0,0.86,,,,non_negligible,
DOC-01580,LOT-2026-0163,certification,1,OP05,2024-10-18,2028-07-26,0,0.98,,,,,
DOC-01581,LOT-2026-0163,risk_mitigation,1,,2026-08-15,,0,0.9,,,,,
DOC-01582,LOT-2026-0164,dds_statement,1,OP04,2026-09-20,,1,0.93,0901,ID,12960,,
DOC-01583,LOT-2026-0164,commercial_invoice,1,OP04,2026-09-14,,0,0.87,0901.11,,14340,,
DOC-01584,LOT-2026-0164,supplier_buyer_info,1,OP04,2026-09-05,,0,0.86,,,,,
DOC-01585,LOT-2026-0164,production_record,1,,2026-07-23,,0,0.92,,ID,13020,,
DOC-01586,LOT-2026-0164,deforestation_evidence,1,,2026-08-31,,0,0.96,,ID,,,2020-02-29
DOC-01587,LOT-2026-0164,legality_land,1,,2023-09-21,2031-01-06,0,0.96,,ID,,,
DOC-01588,LOT-2026-0164,legality_env,1,,2024-08-11,2028-02-12,0,0.95,,,,,
DOC-01589,LOT-2026-0164,legality_labour_tax,1,,2025-01-21,2028-09-27,0,0.92,,,,,
DOC-01590,LOT-2026-0164,risk_assessment,1,,2026-09-08,,0,0.88,,,,negligible,
DOC-01591,LOT-2026-0164,certification,1,OP04,2025-04-14,2028-11-28,0,0.91,,,,,
DOC-01592,LOT-2026-0165,dds_statement,1,OP01,2026-09-13,,1,0.94,0901,ID,9960,,
DOC-01593,LOT-2026-0165,commercial_invoice,1,OP01,2026-09-08,,0,0.94,0901.11,,9960,,
DOC-01594,LOT-2026-0165,supplier_buyer_info,1,OP01,2026-09-03,,0,0.96,,,,,
DOC-01595,LOT-2026-0165,production_record,1,,2026-08-12,,0,0.98,,ID,10320,,
DOC-01596,LOT-2026-0165,deforestation_evidence,1,,2026-08-18,,0,0.85,,ID,,,2020-10-01
DOC-01597,LOT-2026-0165,legality_land,1,,2025-05-02,2029-06-23,0,0.88,,ID,,,
DOC-01598,LOT-2026-0165,legality_env,1,,2023-04-06,2028-07-13,0,0.94,,,,,
DOC-01599,LOT-2026-0165,legality_labour_tax,1,,2024-12-16,2027-05-17,0,0.93,,,,,
DOC-01600,LOT-2026-0165,risk_assessment,1,,2026-09-01,,0,0.87,,,,negligible,
DOC-01601,LOT-2026-0165,certification,1,OP01,2024-08-11,2028-08-10,0,0.89,,,,,
DOC-01602,LOT-2026-0166,dds_statement,1,OP04,2026-09-09,,1,0.88,0901,ID,9060,,
DOC-01603,LOT-2026-0166,commercial_invoice,1,OP04,2026-09-03,,0,0.88,0901.11,,9060,,
DOC-01604,LOT-2026-0166,supplier_buyer_info,2,OP04,2026-08-30,,0,0.97,,,,,
DOC-01605,LOT-2026-0166,production_record,1,,2026-08-03,,0,0.9,,ID,9600,,
DOC-01606,LOT-2026-0166,deforestation_evidence,1,,2026-08-27,,0,0.98,,ID,,,2020-03-02
DOC-01607,LOT-2026-0166,legality_land,1,,2024-11-23,2031-09-20,0,0.92,,ID,,,
DOC-01608,LOT-2026-0166,legality_env,1,,2023-01-07,2029-07-22,0,0.97,,,,,
DOC-01609,LOT-2026-0166,legality_labour_tax,1,,2024-02-13,2028-07-06,0,0.9,,,,,
DOC-01610,LOT-2026-0166,risk_assessment,1,,2026-08-23,,0,0.89,,,,negligible,
DOC-01611,LOT-2026-0166,supplier_buyer_info,1,OP02,2026-08-21,,0,0.72,,,,,
DOC-01612,LOT-2026-0167,dds_statement,1,OP05,2026-09-07,,1,0.86,0901,ID,17520,,
DOC-01613,LOT-2026-0167,commercial_invoice,1,OP05,2026-08-30,,0,0.92,0901.11,,17520,,
DOC-01614,LOT-2026-0167,supplier_buyer_info,1,OP05,2026-08-23,,0,0.85,,,,,
DOC-01615,LOT-2026-0167,production_record,1,,2026-07-21,,0,0.91,,ID,17820,,
DOC-01616,LOT-2026-0167,deforestation_evidence,1,,2026-08-23,,0,0.99,,ID,,,2020-08-22
DOC-01617,LOT-2026-0167,legality_land,1,,2024-12-16,2030-11-27,0,0.91,,ID,,,
DOC-01618,LOT-2026-0167,legality_env,1,,2024-12-06,2027-06-09,0,0.85,,,,,
DOC-01619,LOT-2026-0167,legality_labour_tax,1,,2024-08-03,2028-03-23,0,0.93,,,,,
DOC-01620,LOT-2026-0167,risk_assessment,1,,2026-08-30,,0,0.9,,,,negligible,
DOC-01621,LOT-2026-0168,dds_statement,1,OP05,2026-08-21,,1,0.92,0901,ID,10020,,
DOC-01622,LOT-2026-0168,commercial_invoice,1,OP05,2026-08-14,,0,0.9,0901.11,,10020,,
DOC-01623,LOT-2026-0168,supplier_buyer_info,1,OP05,2026-08-07,,0,0.91,,,,,
DOC-01624,LOT-2026-0168,production_record,1,,2026-07-15,,0,0.95,,ID,10380,,
DOC-01625,LOT-2026-0168,deforestation_evidence,1,,2026-07-31,,0,0.97,,ID,,,2020-07-05
DOC-01626,LOT-2026-0168,legality_land,1,,2023-10-14,2030-07-12,0,0.88,,ID,,,
DOC-01627,LOT-2026-0168,legality_env,1,,2023-05-15,2029-01-10,0,0.95,,,,,
DOC-01628,LOT-2026-0168,legality_labour_tax,1,,2024-04-12,2027-12-02,0,0.96,,,,,
DOC-01629,LOT-2026-0168,risk_assessment,1,,2026-08-11,,0,0.93,,,,negligible,
DOC-01630,LOT-2026-0169,dds_statement,1,OP04,2026-08-17,,1,0.96,0901,ID,17340,,
DOC-01631,LOT-2026-0169,commercial_invoice,1,OP04,2026-08-13,,0,0.91,0901.11,,17340,,
DOC-01632,LOT-2026-0169,supplier_buyer_info,1,OP04,2026-08-08,,0,0.99,,,,,
DOC-01633,LOT-2026-0169,production_record,1,,2026-07-14,,0,0.92,,ID,17940,,
DOC-01634,LOT-2026-0169,deforestation_evidence,1,,2026-07-28,,0,0.46,,ID,,,2020-09-06
DOC-01635,LOT-2026-0169,legality_land,1,,2024-07-29,2031-03-08,0,0.86,,ID,,,
DOC-01636,LOT-2026-0169,legality_env,1,,2023-04-12,2029-05-08,0,0.87,,,,,
DOC-01637,LOT-2026-0169,legality_labour_tax,1,,2024-08-08,2027-11-16,0,0.92,,,,,
DOC-01638,LOT-2026-0169,risk_assessment,1,,2026-08-04,,0,0.94,,,,negligible,
DOC-01639,LOT-2026-0169,certification,1,OP04,2024-12-08,2027-09-24,0,0.9,,,,,
DOC-01640,LOT-2026-0170,dds_statement,1,OP06,2026-08-12,,1,0.95,0901,ID,7860,,
DOC-01641,LOT-2026-0170,commercial_invoice,1,OP06,2026-08-07,,0,0.93,0901.11,,7860,,
DOC-01642,LOT-2026-0170,supplier_buyer_info,1,OP06,2026-07-26,,0,0.94,,,,,
DOC-01643,LOT-2026-0170,production_record,1,,2026-07-02,,0,0.99,,ID,7980,,
DOC-01644,LOT-2026-0170,deforestation_evidence,1,,2026-07-24,,0,0.9,,ID,,,2020-06-30
DOC-01645,LOT-2026-0170,legality_land,1,,2024-06-06,2030-09-25,0,0.96,,ID,,,
DOC-01646,LOT-2026-0170,legality_env,1,,2024-04-02,2029-11-27,0,0.86,,,,,
DOC-01647,LOT-2026-0170,legality_labour_tax,1,,2025-09-20,2027-12-19,0,0.91,,,,,
DOC-01648,LOT-2026-0170,risk_assessment,1,,2026-07-24,,0,0.98,,,,negligible,
DOC-01649,LOT-2026-0171,dds_statement,1,OP06,2026-09-04,,1,0.97,0901,ID,15360,,
DOC-01650,LOT-2026-0171,commercial_invoice,1,OP06,2026-09-01,,0,0.86,0901.11,,15360,,
DOC-01651,LOT-2026-0171,supplier_buyer_info,1,OP06,2026-08-23,,0,0.88,,,,,
DOC-01652,LOT-2026-0171,production_record,1,,2026-07-18,,0,0.94,,ID,15660,,
DOC-01653,LOT-2026-0171,deforestation_evidence,1,,2026-08-17,,0,0.94,,ID,,,2020-11-05
DOC-01654,LOT-2026-0171,legality_land,1,,2023-10-05,2030-06-30,0,0.96,,ID,,,
DOC-01655,LOT-2026-0171,legality_env,1,,2024-01-07,2029-07-05,0,0.93,,,,,
DOC-01656,LOT-2026-0171,legality_labour_tax,1,,2025-04-06,2028-04-27,0,0.87,,,,,
DOC-01657,LOT-2026-0171,risk_assessment,1,,2026-08-23,,0,0.97,,,,negligible,
DOC-01658,LOT-2026-0171,certification,1,OP06,2024-08-28,2028-11-08,0,0.89,,,,,
DOC-01659,LOT-2026-0172,dds_statement,1,OP02,2026-08-26,,1,0.86,0901,ID,12060,,
DOC-01660,LOT-2026-0172,commercial_invoice,1,OP02,2026-08-17,,0,0.93,0901.11,,12060,,
DOC-01661,LOT-2026-0172,supplier_buyer_info,1,OP02,2026-08-19,,0,0.96,,,,,
DOC-01662,LOT-2026-0172,production_record,1,,2026-07-24,,0,0.96,,ID,12540,,
DOC-01663,LOT-2026-0172,deforestation_evidence,1,,2026-08-14,,0,0.89,,ID,,,2020-02-23
DOC-01664,LOT-2026-0172,legality_land,1,,2023-06-09,2028-06-21,0,0.94,,ID,,,
DOC-01665,LOT-2026-0172,legality_env,1,,2025-06-25,2028-07-04,0,0.89,,,,,
DOC-01666,LOT-2026-0172,legality_labour_tax,1,,2024-09-10,2027-12-16,0,0.91,,,,,
DOC-01667,LOT-2026-0172,risk_assessment,1,,2026-08-19,,0,0.87,,,,negligible,
DOC-01668,LOT-2026-0172,certification,1,OP02,2024-06-23,2027-01-30,0,0.85,,,,,
DOC-01669,LOT-2026-0173,dds_statement,1,OP06,2026-08-28,,1,0.93,0901,ID,13260,,
DOC-01670,LOT-2026-0173,commercial_invoice,1,OP06,2026-08-22,,0,0.93,0901.11,,13260,,
DOC-01671,LOT-2026-0173,supplier_buyer_info,1,OP06,2026-08-19,,0,0.99,,,,,
DOC-01672,LOT-2026-0173,production_record,1,,2026-07-15,,0,0.87,,VN,13740,,
DOC-01673,LOT-2026-0173,deforestation_evidence,1,,2026-08-04,,0,0.95,,ID,,,2020-11-19
DOC-01674,LOT-2026-0173,legality_land,1,,2025-06-17,2031-03-01,0,0.91,,ID,,,
DOC-01675,LOT-2026-0173,legality_env,1,,2024-10-17,2029-03-16,0,0.92,,,,,
DOC-01676,LOT-2026-0173,legality_labour_tax,1,,2024-12-21,2028-07-06,0,0.93,,,,,
DOC-01677,LOT-2026-0173,risk_assessment,1,,2026-08-09,,0,0.96,,,,negligible,
DOC-01678,LOT-2026-0173,certification,1,OP06,2025-01-09,2028-02-27,0,0.89,,,,,
DOC-01679,LOT-2026-0174,dds_statement,1,OP05,2026-08-14,,1,0.97,0901,ID,13980,,
DOC-01680,LOT-2026-0174,commercial_invoice,1,OP05,2026-08-07,,0,0.89,0901.11,,13980,,
DOC-01681,LOT-2026-0174,supplier_buyer_info,1,OP05,2026-07-30,,0,0.85,,,,,
DOC-01682,LOT-2026-0174,production_record,1,,2026-06-19,,0,0.98,,ID,14400,,
DOC-01683,LOT-2026-0174,deforestation_evidence,1,,2026-07-20,,0,0.85,,ID,,,2020-06-02
DOC-01684,LOT-2026-0174,legality_land,1,,2024-03-16,2029-08-22,0,0.93,,ID,,,
DOC-01685,LOT-2026-0174,legality_env,1,,2025-03-26,2027-06-08,0,0.93,,,,,
DOC-01686,LOT-2026-0174,legality_labour_tax,1,,2024-07-12,2028-04-25,0,0.97,,,,,
DOC-01687,LOT-2026-0174,risk_assessment,1,,2026-07-27,,0,0.91,,,,negligible,
DOC-01688,LOT-2026-0174,certification,1,OP05,2025-02-03,2028-01-23,0,0.88,,,,,
DOC-01689,LOT-2026-0175,dds_statement,1,OP02,2026-09-05,,1,0.96,0901,ID,9660,,
DOC-01690,LOT-2026-0175,commercial_invoice,1,OP02,2026-08-30,,0,0.89,0901.11,,9660,,
DOC-01691,LOT-2026-0175,supplier_buyer_info,1,OP02,2026-08-18,,0,0.92,,,,,
DOC-01692,LOT-2026-0175,production_record,1,,2026-07-21,,0,0.91,,ID,9900,,
DOC-01693,LOT-2026-0175,deforestation_evidence,1,,2026-08-24,,0,0.87,,ID,,,2020-04-03
DOC-01694,LOT-2026-0175,legality_land,1,,2023-04-24,2031-07-28,0,0.91,,ID,,,
DOC-01695,LOT-2026-0175,legality_env,1,,2024-04-08,2028-03-05,0,0.95,,,,,
DOC-01696,LOT-2026-0175,legality_labour_tax,1,,2025-05-18,2027-09-09,0,0.89,,,,,
DOC-01697,LOT-2026-0175,risk_assessment,1,,2026-08-18,,0,0.87,,,,negligible,
DOC-01698,LOT-2026-0176,dds_statement,1,OP01,2026-08-25,,1,0.95,0901,ID,10320,,
DOC-01699,LOT-2026-0176,commercial_invoice,1,OP01,2026-08-23,,0,0.88,0901.11,,10320,,
DOC-01700,LOT-2026-0176,supplier_buyer_info,1,OP01,2026-08-16,,0,0.85,,,,,
DOC-01701,LOT-2026-0176,production_record,1,,2026-07-18,,0,0.9,,ID,10500,,
DOC-01702,LOT-2026-0176,deforestation_evidence,1,,2026-08-06,,0,0.99,,ID,,,2020-09-12
DOC-01703,LOT-2026-0176,legality_land,1,,2024-04-19,2031-11-28,0,0.96,,ID,,,
DOC-01704,LOT-2026-0176,legality_env,1,,2023-12-05,2027-08-22,0,0.97,,,,,
DOC-01705,LOT-2026-0176,legality_labour_tax,1,,2024-05-29,2027-04-27,0,0.89,,,,,
DOC-01706,LOT-2026-0176,risk_assessment,1,,2026-08-17,,0,0.9,,,,negligible,
DOC-01707,LOT-2026-0176,certification,1,OP01,2024-07-04,2027-07-16,0,0.98,,,,,
DOC-01708,LOT-2026-0177,dds_statement,1,OP05,2026-09-01,,1,0.95,0901,ID,6180,,
DOC-01709,LOT-2026-0177,commercial_invoice,2,OP05,2026-08-24,,0,0.96,0901.11,,6180,,
DOC-01710,LOT-2026-0177,supplier_buyer_info,1,OP05,2026-08-18,,0,0.88,,,,,
DOC-01711,LOT-2026-0177,production_record,1,,2026-07-30,,0,0.88,,ID,6180,,
DOC-01712,LOT-2026-0177,deforestation_evidence,1,,2026-08-19,,0,0.94,,ID,,,2020-09-23
DOC-01713,LOT-2026-0177,legality_land,1,,2023-08-02,2030-08-26,0,0.9,,ID,,,
DOC-01714,LOT-2026-0177,legality_env,1,,2023-11-16,2028-04-26,0,0.87,,,,,
DOC-01715,LOT-2026-0177,legality_labour_tax,1,,2024-02-13,2028-09-13,0,0.92,,,,,
DOC-01716,LOT-2026-0177,risk_assessment,1,,2026-08-14,,0,0.89,,,,negligible,
DOC-01717,LOT-2026-0177,commercial_invoice,1,OP05,2026-08-17,,0,0.72,0901.11,,6540,,
DOC-01718,LOT-2026-0178,dds_statement,2,OP04,2026-08-20,,1,0.85,0901,ID,15720,,
DOC-01719,LOT-2026-0178,commercial_invoice,1,OP04,2026-08-14,,0,0.93,0901.11,,15720,,
DOC-01720,LOT-2026-0178,supplier_buyer_info,1,OP04,2026-08-07,,0,0.96,,,,,
DOC-01721,LOT-2026-0178,production_record,1,,2026-07-08,,0,0.99,,ID,15720,,
DOC-01722,LOT-2026-0178,deforestation_evidence,1,,2026-07-23,,0,0.92,,ID,,,2020-12-19
DOC-01723,LOT-2026-0178,legality_land,1,,2024-09-02,2028-11-13,0,0.9,,ID,,,
DOC-01724,LOT-2026-0178,legality_env,1,,2023-04-02,2028-02-10,0,0.87,,,,,
DOC-01725,LOT-2026-0178,legality_labour_tax,1,,2024-04-03,2028-11-23,0,0.9,,,,,
DOC-01726,LOT-2026-0178,risk_assessment,1,,2026-08-09,,0,0.99,,,,negligible,
DOC-01727,LOT-2026-0178,dds_statement,1,OP04,2026-08-18,,1,0.72,0901,ID,16680,,
DOC-01728,LOT-2026-0179,dds_statement,1,OP03,2026-09-23,,1,0.92,0901,ID,18120,,
DOC-01729,LOT-2026-0179,commercial_invoice,1,OP03,2026-09-16,,0,0.99,0901.11,,18120,,
DOC-01730,LOT-2026-0179,supplier_buyer_info,1,OP03,2026-09-04,,0,0.94,,,,,
DOC-01731,LOT-2026-0179,production_record,1,,2026-08-21,,0,0.96,,ID,18420,,
DOC-01732,LOT-2026-0179,deforestation_evidence,1,,2026-08-30,,0,0.85,,ID,,,2020-04-08
DOC-01733,LOT-2026-0179,legality_land,1,,2024-01-22,2030-01-03,0,0.95,,ID,,,
DOC-01734,LOT-2026-0179,legality_env,1,,2023-09-14,2029-12-07,0,0.86,,,,,
DOC-01735,LOT-2026-0179,legality_labour_tax,1,,2025-03-24,2028-09-23,0,0.89,,,,,
DOC-01736,LOT-2026-0179,risk_assessment,1,,2026-09-15,,0,0.95,,,,negligible,
DOC-01737,LOT-2026-0179,certification,1,OP03,2024-07-10,2028-07-10,0,0.9,,,,,
DOC-01738,LOT-2026-0180,dds_statement,1,OP08,2026-08-25,,1,0.97,0901,ID,18720,,
DOC-01739,LOT-2026-0180,commercial_invoice,1,OP08,2026-08-21,,0,0.86,0901.11,,18720,,
DOC-01740,LOT-2026-0180,supplier_buyer_info,1,OP08,2026-08-16,,0,0.91,,,,,
DOC-01741,LOT-2026-0180,production_record,2,,2026-07-07,,0,0.93,,ID,18960,,
DOC-01742,LOT-2026-0180,deforestation_evidence,1,,2026-08-01,,0,0.96,,ID,,,2020-01-01
DOC-01743,LOT-2026-0180,legality_land,1,,2024-06-02,2030-02-15,0,0.95,,ID,,,
DOC-01744,LOT-2026-0180,legality_env,1,,2025-06-23,2027-06-20,0,0.94,,,,,
DOC-01745,LOT-2026-0180,legality_labour_tax,1,,2025-01-07,2028-11-25,0,0.88,,,,,
DOC-01746,LOT-2026-0180,risk_assessment,1,,2026-08-05,,0,0.95,,,,negligible,
DOC-01747,LOT-2026-0180,production_record,1,,2026-07-02,,0,0.72,,ID,17700,,
DOC-01748,LOT-2026-0181,dds_statement,1,OP08,2026-09-17,,1,0.91,0901,ID,15360,,
DOC-01749,LOT-2026-0181,commercial_invoice,1,OP08,2026-09-10,,0,0.87,0901.11,,15360,,
DOC-01750,LOT-2026-0181,supplier_buyer_info,1,OP08,2026-09-02,,0,0.94,,,,,
DOC-01751,LOT-2026-0181,production_record,1,,2026-08-09,,0,0.97,,ID,15360,,
DOC-01752,LOT-2026-0181,deforestation_evidence,1,,2026-09-03,,0,0.97,,ID,,,2020-04-01
DOC-01753,LOT-2026-0181,legality_land,1,,2023-07-26,2028-08-07,0,0.92,,ID,,,
DOC-01754,LOT-2026-0181,legality_env,1,,2023-04-12,2027-07-03,0,0.93,,,,,
DOC-01755,LOT-2026-0181,legality_labour_tax,1,,2025-02-01,2028-07-14,0,0.92,,,,,
DOC-01756,LOT-2026-0181,risk_assessment,1,,2026-09-06,,0,0.95,,,,non_negligible,
DOC-01757,LOT-2026-0181,certification,1,OP08,2025-01-10,2027-08-15,0,0.93,,,,,
DOC-01758,LOT-2026-0181,risk_mitigation,1,,2026-09-08,,0,0.86,,,,,
DOC-01759,LOT-2026-0182,dds_statement,1,OP08,2026-08-16,,1,0.9,0901,ID,18300,,
DOC-01760,LOT-2026-0182,commercial_invoice,1,OP08,2026-08-08,,0,0.97,0901.11,,18300,,
DOC-01761,LOT-2026-0182,supplier_buyer_info,1,OP08,2026-07-28,,0,0.95,,,,,
DOC-01762,LOT-2026-0182,production_record,1,,2026-06-27,,0,0.89,,ID,18840,,
DOC-01763,LOT-2026-0182,deforestation_evidence,1,,2026-08-05,,0,0.97,,ID,,,2020-02-06
DOC-01764,LOT-2026-0182,legality_land,1,,2023-03-21,2029-03-18,0,0.98,,ID,,,
DOC-01765,LOT-2026-0182,legality_env,1,,2023-04-10,2027-09-12,0,0.95,,,,,
DOC-01766,LOT-2026-0182,legality_labour_tax,1,,2025-06-28,2028-03-29,0,0.88,,,,,
DOC-01767,LOT-2026-0182,risk_assessment,1,,2026-08-10,,0,0.92,,,,negligible,
DOC-01768,LOT-2026-0182,certification,1,OP08,2024-07-02,2028-07-25,0,0.95,,,,,
DOC-01769,LOT-2026-0183,dds_statement,1,OP07,2026-08-14,,1,0.94,0901,ID,15780,,
DOC-01770,LOT-2026-0183,commercial_invoice,1,OP07,2026-08-06,,0,0.97,0901.11,,15780,,
DOC-01771,LOT-2026-0183,supplier_buyer_info,1,OP07,2026-08-05,,0,0.96,,,,,
DOC-01772,LOT-2026-0183,production_record,1,,2026-06-27,,0,0.91,,ID,16260,,
DOC-01773,LOT-2026-0183,deforestation_evidence,1,,2026-07-25,,0,0.87,,ID,,,2020-12-02
DOC-01774,LOT-2026-0183,legality_land,1,,2024-09-06,2030-06-26,0,0.98,,ID,,,
DOC-01775,LOT-2026-0183,legality_env,1,,2023-11-19,2028-12-15,0,0.99,,,,,
DOC-01776,LOT-2026-0183,legality_labour_tax,1,,2024-11-28,2028-03-15,0,0.91,,,,,
DOC-01777,LOT-2026-0183,risk_assessment,1,,2026-08-03,,0,0.94,,,,negligible,
DOC-01778,LOT-2026-0184,dds_statement,1,OP06,2026-09-20,,1,0.9,0901,ID,14640,,
DOC-01779,LOT-2026-0184,commercial_invoice,1,OP06,2026-09-14,,0,0.9,0901.11,,14640,,
DOC-01780,LOT-2026-0184,supplier_buyer_info,2,OP06,2026-09-06,,0,0.91,,,,,
DOC-01781,LOT-2026-0184,production_record,1,,2026-08-04,,0,0.85,,ID,15000,,
DOC-01782,LOT-2026-0184,deforestation_evidence,1,,2026-09-09,,0,0.93,,ID,,,2020-05-25
DOC-01783,LOT-2026-0184,legality_land,1,,2024-06-14,2028-10-03,0,0.99,,ID,,,
DOC-01784,LOT-2026-0184,legality_env,1,,2023-11-06,2027-06-07,0,0.89,,,,,
DOC-01785,LOT-2026-0184,legality_labour_tax,1,,2024-08-15,2027-10-06,0,0.97,,,,,
DOC-01786,LOT-2026-0184,risk_assessment,1,,2026-09-11,,0,0.85,,,,negligible,
DOC-01787,LOT-2026-0184,supplier_buyer_info,1,OP05,2026-08-27,,0,0.72,,,,,
DOC-01788,LOT-2026-0185,dds_statement,1,OP03,2026-08-20,,1,0.87,0901,ID,13020,,
DOC-01789,LOT-2026-0185,commercial_invoice,1,OP03,2026-08-13,,0,0.97,0901.11,,13020,,
DOC-01790,LOT-2026-0185,supplier_buyer_info,1,OP03,2026-08-10,,0,0.88,,,,,
DOC-01791,LOT-2026-0185,production_record,1,,2026-07-10,,0,0.86,,ID,13260,,
DOC-01792,LOT-2026-0185,deforestation_evidence,1,,2026-07-29,,0,0.98,,ID,,,2020-10-18
DOC-01793,LOT-2026-0185,legality_land,1,,2025-01-21,2028-06-07,0,0.95,,ID,,,
DOC-01794,LOT-2026-0185,legality_env,1,,2025-03-22,2028-10-07,0,0.87,,,,,
DOC-01795,LOT-2026-0185,legality_labour_tax,1,,2025-08-13,2027-06-06,0,0.93,,,,,
DOC-01796,LOT-2026-0185,risk_assessment,1,,2026-08-12,,0,0.89,,,,negligible,
DOC-01797,LOT-2026-0186,dds_statement,1,OP07,2026-08-13,,1,0.9,0901,ID,6840,,
DOC-01798,LOT-2026-0186,commercial_invoice,1,OP07,2026-08-05,,0,0.91,0901.11,,6840,,
DOC-01799,LOT-2026-0186,supplier_buyer_info,1,OP07,2026-07-24,,0,0.87,,,,,
DOC-01800,LOT-2026-0186,production_record,1,,2026-06-15,,0,0.95,,ID,7020,,
DOC-01801,LOT-2026-0186,deforestation_evidence,1,,2026-08-03,,0,0.96,,ID,,,2020-11-20
DOC-01802,LOT-2026-0186,legality_land,1,,2024-01-27,2028-04-20,0,0.89,,ID,,,
DOC-01803,LOT-2026-0186,legality_env,1,,2023-02-12,2028-04-22,0,0.93,,,,,
DOC-01804,LOT-2026-0186,legality_labour_tax,1,,2024-06-02,2028-01-29,0,0.92,,,,,
DOC-01805,LOT-2026-0186,risk_assessment,1,,2026-07-26,,0,0.88,,,,negligible,
DOC-01806,LOT-2026-0186,certification,1,OP07,2025-02-06,2028-04-01,0,0.96,,,,,
DOC-01807,LOT-2026-0187,dds_statement,1,OP02,2026-08-25,,1,0.87,0901,ID,10440,,
DOC-01808,LOT-2026-0187,commercial_invoice,1,OP02,2026-08-18,,0,0.86,1801.00,,10440,,
DOC-01809,LOT-2026-0187,supplier_buyer_info,1,OP02,2026-08-09,,0,0.95,,,,,
DOC-01810,LOT-2026-0187,production_record,1,,2026-07-01,,0,0.91,,ID,10920,,
DOC-01811,LOT-2026-0187,deforestation_evidence,1,,2026-08-13,,0,0.92,,ID,,,2020-07-23
DOC-01812,LOT-2026-0187,legality_land,1,,2025-03-03,2031-11-30,0,0.87,,ID,,,
DOC-01813,LOT-2026-0187,legality_env,1,,2023-05-19,2028-10-05,0,0.93,,,,,
DOC-01814,LOT-2026-0187,legality_labour_tax,1,,2025-05-14,2028-04-08,0,0.94,,,,,
DOC-01815,LOT-2026-0187,risk_assessment,1,,2026-08-13,,0,0.88,,,,negligible,
DOC-01816,LOT-2026-0188,dds_statement,1,OP04,2026-08-29,,1,0.9,0901,ID,10080,,
DOC-01817,LOT-2026-0188,commercial_invoice,1,OP04,2026-08-26,,0,0.87,0901.11,,10080,,
DOC-01818,LOT-2026-0188,supplier_buyer_info,1,OP04,2026-08-16,,0,0.91,,,,,
DOC-01819,LOT-2026-0188,production_record,1,,2026-07-06,,0,0.88,,ID,10380,,
DOC-01820,LOT-2026-0188,deforestation_evidence,1,,2026-08-08,,0,0.94,,ID,,,2020-10-31
DOC-01821,LOT-2026-0188,legality_land,1,,2025-02-27,2029-09-16,0,0.87,,ID,,,
DOC-01822,LOT-2026-0188,legality_env,1,,2023-12-25,2029-02-21,0,0.97,,,,,
DOC-01823,LOT-2026-0188,legality_labour_tax,1,,2025-03-28,2028-11-28,0,0.87,,,,,
DOC-01824,LOT-2026-0188,risk_assessment,1,,2026-08-17,,0,0.86,,,,negligible,
DOC-01825,LOT-2026-0189,dds_statement,1,OP04,2026-09-24,,1,0.97,0901,ID,8340,,
DOC-01826,LOT-2026-0189,commercial_invoice,1,OP04,2026-09-21,,0,0.95,0901.11,,8340,,
DOC-01827,LOT-2026-0189,supplier_buyer_info,1,OP04,2026-09-14,,0,0.98,,,,,
DOC-01828,LOT-2026-0189,production_record,1,,2026-08-01,,0,0.97,,ID,8460,,
DOC-01829,LOT-2026-0189,deforestation_evidence,1,,2026-09-05,,0,0.9,,ID,,,2020-01-08
DOC-01830,LOT-2026-0189,legality_land,1,,2025-04-03,2028-08-15,0,0.89,,ID,,,
DOC-01831,LOT-2026-0189,legality_env,1,,2024-04-27,2027-06-24,0,0.9,,,,,
DOC-01832,LOT-2026-0189,legality_labour_tax,1,,2025-07-04,2027-10-03,0,0.88,,,,,
DOC-01833,LOT-2026-0189,risk_assessment,1,,2026-09-07,,0,0.92,,,,negligible,
DOC-01834,LOT-2026-0189,certification,1,OP04,2025-05-09,2028-09-29,0,0.95,,,,,
DOC-01835,LOT-2026-0190,dds_statement,1,OP03,2026-09-22,,1,0.93,0901,ID,16260,,
DOC-01836,LOT-2026-0190,commercial_invoice,1,OP03,2026-09-20,,0,0.89,0901.11,,16260,,
DOC-01837,LOT-2026-0190,supplier_buyer_info,1,OP03,2026-09-15,,0,0.89,,,,,
DOC-01838,LOT-2026-0190,production_record,1,,2026-08-23,,0,0.89,,ID,16800,,
DOC-01839,LOT-2026-0190,deforestation_evidence,1,,2026-08-29,,0,0.98,,ID,,,2020-12-01
DOC-01840,LOT-2026-0190,legality_land,1,,2023-03-10,2030-03-06,0,0.94,,ID,,,
DOC-01841,LOT-2026-0190,legality_env,1,,2024-11-09,2029-10-20,0,0.98,,,,,
DOC-01842,LOT-2026-0190,legality_labour_tax,1,,2025-01-03,2027-06-19,0,0.85,,,,,
DOC-01843,LOT-2026-0190,risk_assessment,1,,2026-09-10,,0,0.97,,,,negligible,
DOC-01844,LOT-2026-0191,dds_statement,1,OP04,2026-09-03,,1,0.89,0901,ID,16860,,
DOC-01845,LOT-2026-0191,commercial_invoice,1,OP04,2026-08-31,,0,0.88,0901.11,,16860,,
DOC-01846,LOT-2026-0191,supplier_buyer_info,1,OP04,2026-08-19,,0,0.99,,,,,
DOC-01847,LOT-2026-0191,production_record,1,,2026-08-01,,0,0.98,,ID,17340,,
DOC-01848,LOT-2026-0191,deforestation_evidence,1,,2026-08-24,,0,0.88,,ID,,,2020-01-21
DOC-01849,LOT-2026-0191,legality_land,1,,2024-06-26,2029-09-16,0,0.9,,ID,,,
DOC-01850,LOT-2026-0191,legality_env,1,,2024-02-07,2029-07-02,0,0.87,,,,,
DOC-01851,LOT-2026-0191,legality_labour_tax,1,,2024-12-21,2028-02-24,0,0.9,,,,,
DOC-01852,LOT-2026-0191,risk_assessment,1,,2026-08-14,,0,0.89,,,,negligible,
DOC-01853,LOT-2026-0192,dds_statement,1,OP05,2026-08-12,,1,0.97,0901,ID,9900,,
DOC-01854,LOT-2026-0192,commercial_invoice,1,OP05,2026-08-10,,0,0.98,0901.11,,9900,,
DOC-01855,LOT-2026-0192,supplier_buyer_info,1,OP05,2026-08-01,,0,0.88,,,,,
DOC-01856,LOT-2026-0192,production_record,1,,2026-06-15,,0,0.98,,ID,10200,,
DOC-01857,LOT-2026-0192,deforestation_evidence,1,,2026-07-29,,0,0.95,,ID,,,2020-02-14
DOC-01858,LOT-2026-0192,legality_land,1,,2024-06-17,2031-10-20,0,0.94,,ID,,,
DOC-01859,LOT-2026-0192,legality_env,1,,2024-10-02,2029-05-03,0,0.88,,,,,
DOC-01860,LOT-2026-0192,legality_labour_tax,1,,2024-09-03,2028-10-07,0,0.87,,,,,
DOC-01861,LOT-2026-0192,risk_assessment,1,,2026-07-31,,0,0.99,,,,non_negligible,
DOC-01862,LOT-2026-0192,risk_mitigation,1,,2026-08-02,,0,0.9,,,,,
DOC-01863,LOT-2026-0193,dds_statement,1,OP04,2026-09-23,,1,0.96,0901,ID,14880,,
DOC-01864,LOT-2026-0193,commercial_invoice,1,OP04,2026-09-19,,0,0.89,0901.11,,14880,,
DOC-01865,LOT-2026-0193,supplier_buyer_info,1,OP04,2026-09-05,,0,0.98,,,,,
DOC-01866,LOT-2026-0193,production_record,1,,2026-08-07,,0,0.91,,ID,14040,,
DOC-01867,LOT-2026-0193,deforestation_evidence,1,,2026-09-09,,0,0.98,,ID,,,2020-12-01
DOC-01868,LOT-2026-0193,legality_land,1,,2023-06-11,2029-10-12,0,0.86,,ID,,,
DOC-01869,LOT-2026-0193,legality_env,1,,2024-06-29,2029-06-06,0,0.87,,,,,
DOC-01870,LOT-2026-0193,legality_labour_tax,1,,2024-11-21,2027-07-28,0,0.95,,,,,
DOC-01871,LOT-2026-0193,risk_assessment,1,,2026-09-07,,0,0.96,,,,negligible,
DOC-01872,LOT-2026-0194,dds_statement,1,OP07,2026-08-30,,1,0.98,0901,ID,17400,,
DOC-01873,LOT-2026-0194,commercial_invoice,1,OP07,2026-08-24,,0,0.87,0901.11,,17400,,
DOC-01874,LOT-2026-0194,supplier_buyer_info,1,OP07,2026-08-20,,0,0.86,,,,,
DOC-01875,LOT-2026-0194,production_record,1,,2026-07-02,,0,0.85,,ID,17520,,
DOC-01876,LOT-2026-0194,deforestation_evidence,1,,2026-08-12,,0,0.93,,ID,,,2020-11-06
DOC-01877,LOT-2026-0194,legality_land,1,,2023-08-25,2031-05-06,0,0.88,,ID,,,
DOC-01878,LOT-2026-0194,legality_env,1,,2024-12-04,2027-06-27,0,0.9,,,,,
DOC-01879,LOT-2026-0194,legality_labour_tax,1,,2025-05-03,2027-07-16,0,0.92,,,,,
DOC-01880,LOT-2026-0194,risk_assessment,1,,2026-08-11,,0,0.93,,,,negligible,
DOC-01881,LOT-2026-0195,dds_statement,1,OP06,2026-08-19,,1,0.87,0901,ID,11940,,
DOC-01882,LOT-2026-0195,commercial_invoice,1,OP06,2026-08-14,,0,0.88,0901.11,,11940,,
DOC-01883,LOT-2026-0195,supplier_buyer_info,1,OP06,2026-08-06,,0,0.96,,,,,
DOC-01884,LOT-2026-0195,production_record,1,,2026-07-05,,0,0.98,,ID,11940,,
DOC-01885,LOT-2026-0195,deforestation_evidence,1,,2026-07-27,,0,0.95,,ID,,,2020-04-23
DOC-01886,LOT-2026-0195,legality_land,1,,2023-07-27,2029-02-22,0,0.86,,ID,,,
DOC-01887,LOT-2026-0195,legality_env,1,,2024-03-25,2029-11-04,0,0.94,,,,,
DOC-01888,LOT-2026-0195,legality_labour_tax,1,,2024-11-28,2028-06-11,0,0.97,,,,,
DOC-01889,LOT-2026-0195,risk_assessment,1,,2026-08-06,,0,0.91,,,,non_negligible,
DOC-01890,LOT-2026-0195,risk_mitigation,1,,2026-08-10,,0,0.94,,,,,
DOC-01891,LOT-2026-0196,dds_statement,1,OP06,2026-09-04,,1,0.93,0901,ID,17400,,
DOC-01892,LOT-2026-0196,commercial_invoice,1,OP06,2026-09-02,,0,0.92,0901.11,,17400,,
DOC-01893,LOT-2026-0196,supplier_buyer_info,2,OP06,2026-08-21,,0,0.91,,,,,
DOC-01894,LOT-2026-0196,production_record,1,,2026-07-18,,0,0.97,,ID,17400,,
DOC-01895,LOT-2026-0196,deforestation_evidence,1,,2026-08-18,,0,0.93,,ID,,,2020-09-22
DOC-01896,LOT-2026-0196,legality_land,1,,2025-01-22,2028-03-21,0,0.93,,ID,,,
DOC-01897,LOT-2026-0196,legality_env,1,,2024-06-12,2029-07-23,0,0.94,,,,,
DOC-01898,LOT-2026-0196,legality_labour_tax,1,,2024-02-20,2027-09-11,0,0.89,,,,,
DOC-01899,LOT-2026-0196,risk_assessment,1,,2026-08-20,,0,0.91,,,,negligible,
DOC-01900,LOT-2026-0196,certification,1,OP06,2024-10-19,2028-04-17,0,0.87,,,,,
DOC-01901,LOT-2026-0196,supplier_buyer_info,1,OP07,2026-08-19,,0,0.72,,,,,
DOC-01902,LOT-2026-0197,dds_statement,1,OP03,2026-09-06,,1,0.95,0901,ID,15900,,
DOC-01903,LOT-2026-0197,commercial_invoice,2,OP03,2026-09-03,,0,0.88,0901.11,,15900,,
DOC-01904,LOT-2026-0197,supplier_buyer_info,1,OP03,2026-08-21,,0,0.98,,,,,
DOC-01905,LOT-2026-0197,production_record,1,,2026-07-24,,0,0.87,,ID,16380,,
DOC-01906,LOT-2026-0197,deforestation_evidence,1,,2026-08-14,,0,0.91,,ID,,,2020-06-14
DOC-01907,LOT-2026-0197,legality_land,1,,2023-07-03,2030-07-18,0,0.93,,ID,,,
DOC-01908,LOT-2026-0197,legality_env,1,,2024-12-30,2029-12-04,0,0.88,,,,,
DOC-01909,LOT-2026-0197,legality_labour_tax,1,,2025-04-10,2027-06-01,0,0.89,,,,,
DOC-01910,LOT-2026-0197,risk_assessment,1,,2026-08-30,,0,0.95,,,,negligible,
DOC-01911,LOT-2026-0197,commercial_invoice,1,OP03,2026-08-31,,0,0.72,0901.11,,16320,,
DOC-01912,LOT-2026-0198,dds_statement,1,OP02,2026-09-06,,1,0.95,0901,ID,11520,,
DOC-01913,LOT-2026-0198,commercial_invoice,1,OP02,2026-09-02,,0,0.9,0901.11,,11520,,
DOC-01914,LOT-2026-0198,supplier_buyer_info,1,OP02,2026-08-24,,0,0.86,,,,,
DOC-01915,LOT-2026-0198,production_record,1,,2026-08-05,,0,0.98,,ID,11640,,
DOC-01916,LOT-2026-0198,deforestation_evidence,1,,2026-08-09,,0,0.97,,ID,,,2021-08-27
DOC-01917,LOT-2026-0198,legality_land,1,,2023-06-16,2028-10-23,0,0.88,,ID,,,
DOC-01918,LOT-2026-0198,legality_env,1,,2024-12-30,2027-07-23,0,0.91,,,,,
DOC-01919,LOT-2026-0198,legality_labour_tax,1,,2024-11-12,2028-05-30,0,0.89,,,,,
DOC-01920,LOT-2026-0198,risk_assessment,1,,2026-08-23,,0,0.88,,,,negligible,
DOC-01921,LOT-2026-0199,dds_statement,1,OP01,2026-09-16,,1,0.92,0901,ID,9840,,
DOC-01922,LOT-2026-0199,commercial_invoice,1,OP01,2026-09-07,,0,0.93,0901.11,,9840,,
DOC-01923,LOT-2026-0199,supplier_buyer_info,1,OP01,2026-09-09,,0,0.94,,,,,
DOC-01924,LOT-2026-0199,production_record,1,,2026-08-17,,0,0.88,,ID,10260,,
DOC-01925,LOT-2026-0199,deforestation_evidence,1,,2026-08-19,,0,0.92,,ID,,,2020-12-03
DOC-01926,LOT-2026-0199,legality_land,1,,2024-02-24,2030-06-23,0,0.86,,ID,,,
DOC-01927,LOT-2026-0199,legality_env,1,,2024-09-06,2027-06-07,0,0.88,,,,,
DOC-01928,LOT-2026-0199,legality_labour_tax,1,,2025-07-14,2027-12-10,0,0.94,,,,,
DOC-01929,LOT-2026-0199,risk_assessment,1,,2026-09-03,,0,0.93,,,,negligible,
DOC-01930,LOT-2026-0200,dds_statement,1,OP01,2026-08-24,,1,0.86,0901,ID,6840,,
DOC-01931,LOT-2026-0200,commercial_invoice,1,OP01,2026-08-22,,0,0.94,0901.11,,6840,,
DOC-01932,LOT-2026-0200,supplier_buyer_info,1,OP01,2026-08-04,,0,0.93,,,,,
DOC-01933,LOT-2026-0200,production_record,1,,2026-07-05,,0,0.98,,ID,7140,,
DOC-01934,LOT-2026-0200,deforestation_evidence,1,,2026-08-13,,0,0.91,,ID,,,2020-02-25
DOC-01935,LOT-2026-0200,legality_land,1,,2023-07-02,2028-11-26,0,0.94,,ID,,,
DOC-01936,LOT-2026-0200,legality_env,1,,2024-09-17,2029-04-07,0,0.95,,,,,
DOC-01937,LOT-2026-0200,legality_labour_tax,1,,2025-09-01,2028-10-07,0,0.96,,,,,
DOC-01938,LOT-2026-0200,risk_assessment,1,,2026-08-13,,0,0.87,,,,negligible,
DOC-01939,LOT-2026-0200,certification,1,OP01,2025-08-15,2028-01-04,0,0.98,,,,,
DOC-01940,LOT-2026-0201,dds_statement,1,OP02,2026-08-31,,1,0.96,0901,ID,11640,,
DOC-01941,LOT-2026-0201,commercial_invoice,1,OP02,2026-08-23,,0,0.97,0901.11,,11640,,
DOC-01942,LOT-2026-0201,supplier_buyer_info,1,OP02,2026-08-23,,0,0.89,,,,,
DOC-01943,LOT-2026-0201,production_record,1,,2026-07-04,,0,0.87,,ID,11760,,
DOC-01944,LOT-2026-0201,deforestation_evidence,1,,2026-08-13,,0,0.92,,ID,,,2020-06-17
DOC-01945,LOT-2026-0201,legality_land,1,,2024-06-21,2029-03-05,0,0.95,,ID,,,
DOC-01946,LOT-2026-0201,legality_env,1,,2024-09-18,2027-07-30,0,0.87,,,,,
DOC-01947,LOT-2026-0201,legality_labour_tax,1,,2025-06-25,2027-05-29,0,0.92,,,,,
DOC-01948,LOT-2026-0201,risk_assessment,1,,2026-09-01,,0,0.95,,,,negligible,
DOC-01949,LOT-2026-0202,dds_statement,1,OP05,2026-09-06,,1,0.92,0901,ID,19020,,
DOC-01950,LOT-2026-0202,commercial_invoice,1,OP05,2026-08-30,,0,0.98,0901.11,,19020,,
DOC-01951,LOT-2026-0202,supplier_buyer_info,1,OP08,2026-08-21,,0,0.93,,,,,
DOC-01952,LOT-2026-0202,production_record,1,,2026-07-28,,0,0.95,,ID,19500,,
DOC-01953,LOT-2026-0202,deforestation_evidence,1,,2026-08-12,,0,0.96,,ID,,,2020-09-09
DOC-01954,LOT-2026-0202,legality_land,1,,2025-06-23,2031-06-02,0,0.88,,ID,,,
DOC-01955,LOT-2026-0202,legality_env,1,,2023-10-25,2027-12-16,0,0.85,,,,,
DOC-01956,LOT-2026-0202,legality_labour_tax,1,,2024-01-25,2028-06-19,0,0.94,,,,,
DOC-01957,LOT-2026-0202,risk_assessment,1,,2026-08-27,,0,0.87,,,,negligible,
DOC-01958,LOT-2026-0203,dds_statement,1,OP07,2026-09-09,,1,0.96,0901,ID,11100,,
DOC-01959,LOT-2026-0203,commercial_invoice,1,OP07,2026-09-04,,0,0.85,0901.11,,11100,,
DOC-01960,LOT-2026-0203,supplier_buyer_info,1,OP07,2026-08-30,,0,0.95,,,,,
DOC-01961,LOT-2026-0203,production_record,1,,2026-07-30,,0,0.96,,ID,11340,,
DOC-01962,LOT-2026-0203,deforestation_evidence,1,,2026-08-21,,0,0.92,,ID,,,2020-06-02
DOC-01963,LOT-2026-0203,legality_land,1,,2023-11-28,2028-01-13,0,0.87,,ID,,,
DOC-01964,LOT-2026-0203,legality_env,1,,2023-12-08,2028-05-15,0,0.91,,,,,
DOC-01965,LOT-2026-0203,legality_labour_tax,1,,2025-08-05,2028-11-20,0,0.98,,,,,
DOC-01966,LOT-2026-0203,risk_assessment,1,,2026-08-26,,0,0.97,,,,negligible,
DOC-01967,LOT-2026-0203,certification,1,OP07,2024-12-12,2028-11-19,0,0.92,,,,,
DOC-01968,LOT-2026-0204,dds_statement,1,OP08,2026-08-11,,1,0.94,0901,ID,8040,,
DOC-01969,LOT-2026-0204,commercial_invoice,1,OP08,2026-08-04,,0,0.91,0901.11,,8040,,
DOC-01970,LOT-2026-0204,supplier_buyer_info,1,OP08,2026-07-22,,0,0.91,,,,,
DOC-01971,LOT-2026-0204,production_record,1,,2026-06-27,,0,0.97,,ID,8040,,
DOC-01972,LOT-2026-0204,deforestation_evidence,1,,2026-07-23,,0,0.95,,ID,,,2020-10-16
DOC-01973,LOT-2026-0204,legality_land,1,,2023-11-20,2031-02-11,0,0.93,,ID,,,
DOC-01974,LOT-2026-0204,legality_env,1,,2023-08-02,2029-01-12,0,0.95,,,,,
DOC-01975,LOT-2026-0204,legality_labour_tax,1,,2024-12-28,2027-05-07,0,0.99,,,,,
DOC-01976,LOT-2026-0204,risk_assessment,1,,2026-08-03,,0,0.89,,,,negligible,
DOC-01977,LOT-2026-0204,certification,1,OP08,2025-01-19,2028-10-03,0,0.92,,,,,
DOC-01978,LOT-2026-0205,dds_statement,1,OP03,2026-09-15,,1,0.87,0901,ID,11940,,
DOC-01979,LOT-2026-0205,commercial_invoice,1,OP03,2026-09-09,,0,0.95,0901.11,,11940,,
DOC-01980,LOT-2026-0205,supplier_buyer_info,1,OP03,2026-09-03,,0,0.95,,,,,
DOC-01981,LOT-2026-0205,production_record,1,,2026-08-11,,0,0.91,,ID,12180,,
DOC-01982,LOT-2026-0205,deforestation_evidence,1,,2026-08-21,,0,0.9,,ID,,,2020-05-01
DOC-01983,LOT-2026-0205,legality_land,1,,2025-04-29,2029-09-11,0,0.88,,ID,,,
DOC-01984,LOT-2026-0205,legality_env,1,,2023-11-06,2027-11-27,0,0.87,,,,,
DOC-01985,LOT-2026-0205,legality_labour_tax,1,,2024-02-08,2027-09-23,0,0.98,,,,,
DOC-01986,LOT-2026-0205,risk_assessment,1,,2026-08-31,,0,0.91,,,,negligible,
DOC-01987,LOT-2026-0205,certification,1,OP03,2025-05-09,2028-05-27,0,0.87,,,,,
DOC-01988,LOT-2026-0206,dds_statement,1,OP06,2026-09-08,,1,0.9,0901,ID,14040,,
DOC-01989,LOT-2026-0206,commercial_invoice,1,OP06,2026-09-05,,0,0.97,0901.11,,14040,,
DOC-01990,LOT-2026-0206,supplier_buyer_info,1,OP06,2026-08-24,,0,0.94,,,,,
DOC-01991,LOT-2026-0206,production_record,1,,2026-07-31,,0,0.88,,ID,14160,,
DOC-01992,LOT-2026-0206,deforestation_evidence,1,,2026-08-28,,0,0.9,,ID,,,2020-08-23
DOC-01993,LOT-2026-0206,legality_land,1,,2025-06-04,2030-12-05,0,0.87,,ID,,,
DOC-01994,LOT-2026-0206,legality_env,1,,2023-11-15,2026-03-30,0,0.95,,,,,
DOC-01995,LOT-2026-0206,legality_labour_tax,1,,2025-08-31,2027-05-29,0,0.9,,,,,
DOC-01996,LOT-2026-0206,risk_assessment,1,,2026-08-21,,0,0.97,,,,negligible,
DOC-01997,LOT-2026-0206,certification,1,OP06,2024-11-15,2027-01-24,0,0.93,,,,,
DOC-01998,LOT-2026-0207,dds_statement,1,OP04,2026-09-02,,1,0.92,0901,ID,8940,,
DOC-01999,LOT-2026-0207,commercial_invoice,1,OP04,2026-08-24,,0,0.94,0901.11,,8940,,
DOC-02000,LOT-2026-0207,supplier_buyer_info,1,OP04,2026-08-22,,0,0.87,,,,,
DOC-02001,LOT-2026-0207,production_record,1,,2026-07-25,,0,0.87,,ID,9180,,
DOC-02002,LOT-2026-0207,deforestation_evidence,1,,2026-08-06,,0,0.86,,ID,,,2020-09-20
DOC-02003,LOT-2026-0207,legality_land,1,,2024-07-09,2029-12-18,0,0.93,,ID,,,
DOC-02004,LOT-2026-0207,legality_env,1,,2023-10-05,2027-10-23,0,0.98,,,,,
DOC-02005,LOT-2026-0207,legality_labour_tax,1,,2024-10-17,2028-10-08,0,0.88,,,,,
DOC-02006,LOT-2026-0207,risk_assessment,1,,2026-08-23,,0,0.86,,,,negligible,
DOC-02007,LOT-2026-0208,dds_statement,1,OP06,2026-09-14,,1,0.92,0901,ID,6720,,
DOC-02008,LOT-2026-0208,commercial_invoice,1,OP06,2026-09-12,,0,0.86,0901.11,,6720,,
DOC-02009,LOT-2026-0208,supplier_buyer_info,1,OP06,2026-09-07,,0,0.86,,,,,
DOC-02010,LOT-2026-0208,production_record,2,,2026-08-11,,0,0.88,,ID,7080,,
DOC-02011,LOT-2026-0208,deforestation_evidence,1,,2026-08-17,,0,0.97,,ID,,,2020-11-18
DOC-02012,LOT-2026-0208,legality_land,1,,2024-12-17,2030-07-02,0,0.94,,ID,,,
DOC-02013,LOT-2026-0208,legality_env,1,,2023-11-16,2028-05-06,0,0.96,,,,,
DOC-02014,LOT-2026-0208,legality_labour_tax,1,,2025-06-30,2027-05-20,0,0.99,,,,,
DOC-02015,LOT-2026-0208,risk_assessment,1,,2026-09-08,,0,0.96,,,,negligible,
DOC-02016,LOT-2026-0208,certification,1,OP06,2024-05-14,2027-04-06,0,0.96,,,,,
DOC-02017,LOT-2026-0208,production_record,1,,2026-08-08,,0,0.72,,ID,5820,,
DOC-02018,LOT-2026-0209,dds_statement,2,OP05,2026-09-21,,1,0.92,0901,ID,16860,,
DOC-02019,LOT-2026-0209,commercial_invoice,1,OP05,2026-09-16,,0,0.87,0901.11,,16860,,
DOC-02020,LOT-2026-0209,supplier_buyer_info,1,OP05,2026-09-05,,0,0.89,,,,,
DOC-02021,LOT-2026-0209,production_record,1,,2026-07-29,,0,0.9,,ID,17160,,
DOC-02022,LOT-2026-0209,deforestation_evidence,1,,2026-09-01,,0,0.91,,ID,,,2020-06-15
DOC-02023,LOT-2026-0209,legality_land,1,,2023-01-31,2028-05-13,0,0.92,,ID,,,
DOC-02024,LOT-2026-0209,legality_env,1,,2023-12-26,2028-10-03,0,0.91,,,,,
DOC-02025,LOT-2026-0209,legality_labour_tax,1,,2024-06-23,2027-12-15,0,0.96,,,,,
DOC-02026,LOT-2026-0209,risk_assessment,1,,2026-09-08,,0,0.93,,,,negligible,
DOC-02027,LOT-2026-0209,certification,1,OP05,2024-04-15,2028-02-20,0,0.96,,,,,
DOC-02028,LOT-2026-0209,dds_statement,1,OP05,2026-09-14,,1,0.72,0901,ID,17280,,
DOC-02029,LOT-2026-0210,dds_statement,1,OP05,2026-09-14,,1,0.88,0901,ID,12120,,
DOC-02030,LOT-2026-0210,commercial_invoice,1,OP05,2026-09-09,,0,0.93,0901.11,,12120,,
DOC-02031,LOT-2026-0210,supplier_buyer_info,1,OP05,2026-08-31,,0,0.9,,,,,
DOC-02032,LOT-2026-0210,production_record,1,,2026-07-28,,0,0.88,,ID,12420,,
DOC-02033,LOT-2026-0210,deforestation_evidence,1,,2026-08-17,,0,0.96,,ID,,,2020-08-08
DOC-02034,LOT-2026-0210,legality_land,1,,2024-03-21,2031-03-07,0,0.96,,ID,,,
DOC-02035,LOT-2026-0210,legality_env,1,,2024-07-11,2029-05-11,0,0.88,,,,,
DOC-02036,LOT-2026-0210,legality_labour_tax,1,,2024-03-20,2028-10-08,0,0.97,,,,,
DOC-02037,LOT-2026-0210,risk_assessment,1,,2026-09-02,,0,0.87,,,,negligible,
DOC-02038,LOT-2026-0210,certification,1,OP05,2024-11-29,2028-07-22,0,0.86,,,,,
DOC-02039,LOT-2026-0211,dds_statement,1,OP08,2026-08-23,,1,0.87,0901,ID,12180,,
DOC-02040,LOT-2026-0211,commercial_invoice,1,OP08,2026-08-15,,0,0.9,0901.11,,12180,,
DOC-02041,LOT-2026-0211,supplier_buyer_info,1,OP08,2026-08-06,,0,0.94,,,,,
DOC-02042,LOT-2026-0211,production_record,1,,2026-07-22,,0,0.88,,ID,12240,,
DOC-02043,LOT-2026-0211,deforestation_evidence,1,,2026-08-09,,0,0.98,,ID,,,2020-10-24
DOC-02044,LOT-2026-0211,legality_land,1,,2024-10-13,2028-01-01,0,0.96,,ID,,,
DOC-02045,LOT-2026-0211,legality_env,1,,2024-11-07,2027-10-31,0,0.91,,,,,
DOC-02046,LOT-2026-0211,legality_labour_tax,1,,2024-10-25,2028-04-03,0,0.94,,,,,
DOC-02047,LOT-2026-0211,risk_assessment,1,,2026-08-08,,0,0.91,,,,non_negligible,
DOC-02048,LOT-2026-0211,certification,1,OP08,2024-11-20,2027-11-03,0,0.93,,,,,
DOC-02049,LOT-2026-0211,risk_mitigation,1,,2026-08-11,,0,0.98,,,,,
DOC-02050,LOT-2026-0212,dds_statement,1,OP07,2026-09-05,,1,0.99,0901,ID,14940,,
DOC-02051,LOT-2026-0212,commercial_invoice,1,OP07,2026-08-28,,0,0.97,0901.11,,14940,,
DOC-02052,LOT-2026-0212,supplier_buyer_info,1,OP07,2026-08-16,,0,0.89,,,,,
DOC-02053,LOT-2026-0212,production_record,1,,2026-08-06,,0,0.98,,ID,15240,,
DOC-02054,LOT-2026-0212,deforestation_evidence,1,,2026-08-25,,0,0.95,,ID,,,2020-01-01
DOC-02055,LOT-2026-0212,legality_land,1,,2025-04-20,2030-01-05,0,0.87,,ID,,,
DOC-02056,LOT-2026-0212,legality_env,1,,2023-10-16,2029-11-03,0,0.85,,,,,
DOC-02057,LOT-2026-0212,legality_labour_tax,1,,2025-03-18,2028-10-25,0,0.91,,,,,
DOC-02058,LOT-2026-0212,risk_assessment,1,,2026-08-21,,0,0.89,,,,negligible,
DOC-02059,LOT-2026-0212,certification,1,OP07,2025-01-25,2028-03-21,0,0.93,,,,,
DOC-02060,LOT-2026-0213,dds_statement,1,OP03,2026-09-12,,1,0.97,0901,ID,8880,,
DOC-02061,LOT-2026-0213,commercial_invoice,1,OP03,2026-09-05,,0,0.97,0901.11,,10320,,
DOC-02062,LOT-2026-0213,supplier_buyer_info,1,OP03,2026-09-03,,0,0.89,,,,,
DOC-02063,LOT-2026-0213,production_record,1,,2026-07-27,,0,0.87,,ID,9480,,
DOC-02064,LOT-2026-0213,deforestation_evidence,1,,2026-09-02,,0,0.94,,ID,,,2020-02-06
DOC-02065,LOT-2026-0213,legality_land,1,,2023-05-28,2030-09-23,0,0.94,,ID,,,
DOC-02066,LOT-2026-0213,legality_env,1,,2023-05-20,2027-08-26,0,0.87,,,,,
DOC-02067,LOT-2026-0213,legality_labour_tax,1,,2025-03-01,2028-06-09,0,0.98,,,,,
DOC-02068,LOT-2026-0213,risk_assessment,1,,2026-08-31,,0,0.95,,,,negligible,
DOC-02069,LOT-2026-0214,dds_statement,1,OP03,2026-09-08,,1,0.91,0901,ID,12480,,
DOC-02070,LOT-2026-0214,commercial_invoice,1,OP03,2026-09-01,,0,0.88,1801.00,,12480,,
DOC-02071,LOT-2026-0214,supplier_buyer_info,1,OP03,2026-08-26,,0,0.93,,,,,
DOC-02072,LOT-2026-0214,production_record,1,,2026-07-23,,0,0.92,,ID,13020,,
DOC-02073,LOT-2026-0214,deforestation_evidence,1,,2026-08-22,,0,0.92,,ID,,,2020-12-30
DOC-02074,LOT-2026-0214,legality_land,1,,2024-02-25,2031-01-23,0,0.93,,ID,,,
DOC-02075,LOT-2026-0214,legality_env,1,,2023-02-04,2027-07-09,0,0.93,,,,,
DOC-02076,LOT-2026-0214,legality_labour_tax,1,,2025-01-12,2027-06-24,0,0.93,,,,,
DOC-02077,LOT-2026-0214,risk_assessment,1,,2026-08-20,,0,0.98,,,,negligible,
DOC-02078,LOT-2026-0214,certification,1,OP03,2025-06-23,2027-10-14,0,0.92,,,,,
DOC-02079,LOT-2026-0215,dds_statement,1,OP02,2026-09-12,,1,0.94,0901,ID,7320,,
DOC-02080,LOT-2026-0215,commercial_invoice,1,OP02,2026-09-09,,0,0.95,0901.11,,7320,,
DOC-02081,LOT-2026-0215,supplier_buyer_info,1,OP02,2026-08-28,,0,0.96,,,,,
DOC-02082,LOT-2026-0215,production_record,1,,2026-08-06,,0,0.94,,ID,7560,,
DOC-02083,LOT-2026-0215,deforestation_evidence,1,,2026-08-23,,0,0.96,,ID,,,2020-09-30
DOC-02084,LOT-2026-0215,legality_land,1,,2024-04-25,2030-07-18,0,0.92,,ID,,,
DOC-02085,LOT-2026-0215,legality_env,1,,2024-04-25,2029-01-08,0,0.95,,,,,
DOC-02086,LOT-2026-0215,legality_labour_tax,1,,2025-03-07,2028-02-25,0,0.98,,,,,
DOC-02087,LOT-2026-0215,risk_assessment,1,,2026-08-30,,0,0.96,,,,non_negligible,
DOC-02088,LOT-2026-0215,certification,1,OP02,2024-02-06,2028-12-12,0,0.98,,,,,
DOC-02089,LOT-2026-0215,risk_mitigation,1,,2026-09-02,,0,0.95,,,,,
DOC-02090,LOT-2026-0216,dds_statement,1,OP01,2026-09-20,,1,0.86,0901,ID,14880,,
DOC-02091,LOT-2026-0216,commercial_invoice,1,OP01,2026-09-14,,0,0.96,0901.11,,14880,,
DOC-02092,LOT-2026-0216,supplier_buyer_info,1,OP01,2026-09-04,,0,0.85,,,,,
DOC-02093,LOT-2026-0216,production_record,1,,2026-08-16,,0,0.86,,ID,15300,,
DOC-02094,LOT-2026-0216,deforestation_evidence,1,,2026-08-25,,0,0.97,,ID,,,2020-02-09
DOC-02095,LOT-2026-0216,legality_land,1,,2023-10-12,2029-05-31,0,0.87,,ID,,,
DOC-02096,LOT-2026-0216,legality_env,1,,2023-10-15,2028-03-08,0,0.97,,,,,
DOC-02097,LOT-2026-0216,legality_labour_tax,1,,2024-01-15,2027-06-23,0,0.93,,,,,
DOC-02098,LOT-2026-0216,risk_assessment,1,,2026-09-05,,0,0.98,,,,negligible,
DOC-02099,LOT-2026-0217,dds_statement,1,OP08,2026-08-31,,0,0.95,0901,ID,8640,,
DOC-02100,LOT-2026-0217,commercial_invoice,1,OP08,2026-08-22,,0,0.88,0901.11,,8640,,
DOC-02101,LOT-2026-0217,supplier_buyer_info,1,OP08,2026-08-16,,0,0.97,,,,,
DOC-02102,LOT-2026-0217,production_record,1,,2026-07-24,,0,0.99,,ID,8940,,
DOC-02103,LOT-2026-0217,deforestation_evidence,1,,2026-08-17,,0,0.98,,ID,,,2020-10-31
DOC-02104,LOT-2026-0217,legality_land,1,,2023-06-07,2030-10-12,0,0.96,,ID,,,
DOC-02105,LOT-2026-0217,legality_env,1,,2024-02-27,2029-07-28,0,0.9,,,,,
DOC-02106,LOT-2026-0217,legality_labour_tax,1,,2025-03-26,2028-12-12,0,0.87,,,,,
DOC-02107,LOT-2026-0217,risk_assessment,1,,2026-08-13,,0,0.93,,,,negligible,
DOC-02108,LOT-2026-0218,dds_statement,1,OP01,2026-09-22,,1,0.86,0901,ID,17580,,
DOC-02109,LOT-2026-0218,commercial_invoice,1,OP01,2026-09-13,,0,0.91,0901.11,,17580,,
DOC-02110,LOT-2026-0218,supplier_buyer_info,1,OP01,2026-09-11,,0,0.92,,,,,
DOC-02111,LOT-2026-0218,production_record,1,,2026-07-28,,0,0.88,,ID,18060,,
DOC-02112,LOT-2026-0218,deforestation_evidence,1,,2026-08-31,,0,0.89,,ID,,,2020-08-30
DOC-02113,LOT-2026-0218,legality_land,1,,2024-06-27,2030-06-09,0,0.85,,ID,,,
DOC-02114,LOT-2026-0218,legality_env,1,,2025-03-27,2028-09-02,0,0.9,,,,,
DOC-02115,LOT-2026-0218,legality_labour_tax,1,,2024-11-19,2028-08-24,0,0.95,,,,,
DOC-02116,LOT-2026-0218,risk_assessment,1,,2026-09-15,,0,0.86,,,,negligible,
DOC-02117,LOT-2026-0219,dds_statement,1,OP06,2026-09-06,,1,0.9,0901,ID,15960,,
DOC-02118,LOT-2026-0219,commercial_invoice,1,OP06,2026-08-31,,0,0.96,0901.11,,15960,,
DOC-02119,LOT-2026-0219,supplier_buyer_info,1,OP06,2026-08-26,,0,0.94,,,,,
DOC-02120,LOT-2026-0219,deforestation_evidence,1,,2026-08-20,,0,0.93,,ID,,,2020-12-10
DOC-02121,LOT-2026-0219,legality_land,1,,2023-07-19,2030-11-30,0,0.9,,ID,,,
DOC-02122,LOT-2026-0219,legality_env,1,,2024-12-07,2027-12-02,0,0.89,,,,,
DOC-02123,LOT-2026-0219,legality_labour_tax,1,,2024-01-11,2027-03-09,0,0.97,,,,,
DOC-02124,LOT-2026-0219,risk_assessment,1,,2026-08-27,,0,0.85,,,,negligible,
DOC-02125,LOT-2026-0219,certification,1,OP06,2024-04-16,2028-12-02,0,0.91,,,,,
DOC-02126,LOT-2026-0220,dds_statement,1,OP05,2026-08-29,,1,0.86,0901,ID,6480,,
DOC-02127,LOT-2026-0220,commercial_invoice,1,OP05,2026-08-24,,0,0.98,0901.11,,6480,,
DOC-02128,LOT-2026-0220,supplier_buyer_info,1,OP05,2026-08-12,,0,0.87,,,,,
DOC-02129,LOT-2026-0220,production_record,1,,2026-07-30,,0,0.86,,ID,6540,,
DOC-02130,LOT-2026-0220,deforestation_evidence,1,,2026-08-15,,0,0.94,,ID,,,2020-07-11
DOC-02131,LOT-2026-0220,legality_land,1,,2024-10-25,2031-03-05,0,0.96,,ID,,,
DOC-02132,LOT-2026-0220,legality_env,1,,2023-07-09,2029-12-04,0,0.87,,,,,
DOC-02133,LOT-2026-0220,legality_labour_tax,1,,2024-07-07,2027-11-15,0,0.89,,,,,
DOC-02134,LOT-2026-0220,risk_assessment,1,,2026-08-14,,0,0.94,,,,negligible,
DOC-02135,LOT-2026-0220,certification,1,OP05,2025-04-09,2027-10-11,0,0.96,,,,,
DOC-02136,LOT-2026-0221,dds_statement,1,OP06,2026-08-29,,1,0.96,0901,ID,17940,,
DOC-02137,LOT-2026-0221,commercial_invoice,1,OP06,2026-08-21,,0,0.9,0901.11,,17940,,
DOC-02138,LOT-2026-0221,supplier_buyer_info,2,OP06,2026-08-22,,0,0.89,,,,,
DOC-02139,LOT-2026-0221,production_record,1,,2026-07-28,,0,0.87,,ID,18180,,
DOC-02140,LOT-2026-0221,deforestation_evidence,1,,2026-08-17,,0,0.99,,ID,,,2020-09-08
DOC-02141,LOT-2026-0221,legality_land,1,,2023-07-25,2031-06-03,0,0.9,,ID,,,
DOC-02142,LOT-2026-0221,legality_env,1,,2024-10-22,2028-10-16,0,0.87,,,,,
DOC-02143,LOT-2026-0221,legality_labour_tax,1,,2025-07-07,2028-05-15,0,0.88,,,,,
DOC-02144,LOT-2026-0221,risk_assessment,1,,2026-08-19,,0,0.94,,,,negligible,
DOC-02145,LOT-2026-0221,supplier_buyer_info,1,OP01,2026-08-19,,0,0.72,,,,,
DOC-02146,LOT-2026-0222,dds_statement,1,OP02,2026-08-14,,1,0.91,0901,ID,17160,,
DOC-02147,LOT-2026-0222,commercial_invoice,1,OP02,2026-08-05,,0,0.87,0901.11,,17160,,
DOC-02148,LOT-2026-0222,supplier_buyer_info,1,OP02,2026-07-28,,0,0.85,,,,,
DOC-02149,LOT-2026-0222,production_record,1,,2026-07-07,,0,0.94,,ID,17160,,
DOC-02150,LOT-2026-0222,deforestation_evidence,1,,2026-07-27,,0,0.95,,ID,,,2020-03-18
DOC-02151,LOT-2026-0222,legality_land,1,,2024-02-05,2031-03-22,0,0.85,,ID,,,
DOC-02152,LOT-2026-0222,legality_env,1,,2024-12-25,2029-07-29,0,0.92,,,,,
DOC-02153,LOT-2026-0222,legality_labour_tax,1,,2025-03-22,2028-04-17,0,0.97,,,,,
DOC-02154,LOT-2026-0222,risk_assessment,1,,2026-07-27,,0,0.96,,,,negligible,
DOC-02155,LOT-2026-0223,dds_statement,1,OP04,2026-08-11,,1,0.92,0901,ID,16560,,
DOC-02156,LOT-2026-0223,commercial_invoice,1,OP04,2026-08-04,,0,0.9,0901.11,,16560,,
DOC-02157,LOT-2026-0223,supplier_buyer_info,1,OP04,2026-07-31,,0,0.91,,,,,
DOC-02158,LOT-2026-0223,production_record,1,,2026-06-16,,0,0.99,,ID,17160,,
DOC-02159,LOT-2026-0223,deforestation_evidence,1,,2026-07-30,,0,0.92,,ID,,,2020-07-06
DOC-02160,LOT-2026-0223,legality_land,1,,2023-12-15,2028-06-13,0,0.97,,ID,,,
DOC-02161,LOT-2026-0223,legality_env,1,,2025-02-17,2029-07-24,0,0.89,,,,,
DOC-02162,LOT-2026-0223,legality_labour_tax,1,,2024-07-26,2027-08-28,0,0.93,,,,,
DOC-02163,LOT-2026-0223,risk_assessment,1,,2026-07-24,,0,0.99,,,,negligible,
DOC-02164,LOT-2026-0224,commercial_invoice,1,OP05,2026-09-21,,0,0.97,0901.11,,7620,,
DOC-02165,LOT-2026-0224,supplier_buyer_info,1,OP05,2026-09-10,,0,0.95,,,,,
DOC-02166,LOT-2026-0224,production_record,1,,2026-08-05,,0,0.85,,ID,7740,,
DOC-02167,LOT-2026-0224,deforestation_evidence,1,,2026-09-14,,0,0.88,,ID,,,2020-10-30
DOC-02168,LOT-2026-0224,legality_land,1,,2024-02-03,2028-05-09,0,0.96,,ID,,,
DOC-02169,LOT-2026-0224,legality_env,1,,2024-10-20,2028-04-11,0,0.92,,,,,
DOC-02170,LOT-2026-0224,legality_labour_tax,1,,2025-04-05,2027-03-17,0,0.86,,,,,
DOC-02171,LOT-2026-0224,risk_assessment,1,,2026-09-07,,0,0.86,,,,negligible,
DOC-02172,LOT-2026-0225,dds_statement,1,OP07,2026-08-20,,1,0.92,0901,ID,18360,,
DOC-02173,LOT-2026-0225,commercial_invoice,1,OP07,2026-08-16,,0,0.95,0901.11,,18360,,
DOC-02174,LOT-2026-0225,supplier_buyer_info,1,OP07,2026-08-10,,0,0.98,,,,,
DOC-02175,LOT-2026-0225,production_record,1,,2026-07-01,,0,0.95,,ID,18360,,
DOC-02176,LOT-2026-0225,deforestation_evidence,1,,2026-07-26,,0,0.85,,ID,,,2020-11-30
DOC-02177,LOT-2026-0225,legality_land,1,,2024-09-25,2028-04-03,0,0.88,,ID,,,
DOC-02178,LOT-2026-0225,legality_env,1,,2024-10-26,2027-10-12,0,0.85,,,,,
DOC-02179,LOT-2026-0225,legality_labour_tax,1,,2024-02-21,2028-01-09,0,0.96,,,,,
DOC-02180,LOT-2026-0225,risk_assessment,1,,2026-08-04,,0,0.86,,,,negligible,
DOC-02181,LOT-2026-0226,dds_statement,1,OP02,2026-08-20,,1,0.94,0901,ID,13620,,
DOC-02182,LOT-2026-0226,commercial_invoice,1,OP02,2026-08-17,,0,0.96,0901.11,,13620,,
DOC-02183,LOT-2026-0226,supplier_buyer_info,1,OP02,2026-08-07,,0,0.9,,,,,
DOC-02184,LOT-2026-0226,production_record,1,,2026-07-02,,0,0.91,,ID,14220,,
DOC-02185,LOT-2026-0226,deforestation_evidence,1,,2026-08-07,,0,0.93,,ID,,,2020-12-16
DOC-02186,LOT-2026-0226,legality_land,1,,2023-05-21,2029-10-20,0,0.97,,ID,,,
DOC-02187,LOT-2026-0226,legality_env,1,,2025-03-23,2028-01-05,0,0.96,,,,,
DOC-02188,LOT-2026-0226,legality_labour_tax,1,,2025-08-30,2027-08-25,0,0.9,,,,,
DOC-02189,LOT-2026-0226,risk_assessment,1,,2026-08-02,,0,0.87,,,,negligible,
DOC-02190,LOT-2026-0226,certification,1,OP02,2025-03-01,2027-06-22,0,0.95,,,,,
DOC-02191,LOT-2026-0227,dds_statement,1,OP03,2026-09-10,,1,0.86,0901,ID,14880,,
DOC-02192,LOT-2026-0227,commercial_invoice,1,OP03,2026-09-02,,0,0.96,0901.11,,14880,,
DOC-02193,LOT-2026-0227,supplier_buyer_info,1,OP03,2026-09-03,,0,0.97,,,,,
DOC-02194,LOT-2026-0227,production_record,1,,2026-08-10,,0,0.85,,ID,14940,,
DOC-02195,LOT-2026-0227,deforestation_evidence,1,,2026-08-26,,0,0.95,,ID,,,2020-02-15
DOC-02196,LOT-2026-0227,legality_land,1,,2024-08-30,2029-08-04,0,0.91,,ID,,,
DOC-02197,LOT-2026-0227,legality_env,1,,2025-04-06,2029-08-20,0,0.96,,,,,
DOC-02198,LOT-2026-0227,legality_labour_tax,1,,2024-05-09,2027-09-28,0,0.87,,,,,
DOC-02199,LOT-2026-0227,risk_assessment,1,,2026-09-02,,0,0.89,,,,non_negligible,
DOC-02200,LOT-2026-0227,certification,1,OP03,2024-09-01,2027-06-28,0,0.94,,,,,
DOC-02201,LOT-2026-0227,risk_mitigation,1,,2026-09-04,,0,0.86,,,,,
DOC-02202,LOT-2026-0228,dds_statement,1,OP08,2026-09-22,,1,0.89,0901,ID,15600,,
DOC-02203,LOT-2026-0228,commercial_invoice,1,OP08,2026-09-14,,0,0.85,0901.11,,15960,,
DOC-02204,LOT-2026-0228,supplier_buyer_info,1,OP08,2026-09-12,,0,0.88,,,,,
DOC-02205,LOT-2026-0228,production_record,1,,2026-07-28,,0,0.99,,ID,16080,,
DOC-02206,LOT-2026-0228,deforestation_evidence,1,,2026-09-01,,0,0.92,,ID,,,2020-10-03
DOC-02207,LOT-2026-0228,legality_land,1,,2024-04-20,2031-07-06,0,0.94,,ID,,,
DOC-02208,LOT-2026-0228,legality_env,1,,2023-10-11,2027-07-25,0,0.88,,,,,
DOC-02209,LOT-2026-0228,legality_labour_tax,1,,2024-06-01,2028-06-28,0,0.92,,,,,
DOC-02210,LOT-2026-0228,risk_assessment,1,,2026-09-04,,0,0.87,,,,negligible,
DOC-02211,LOT-2026-0229,dds_statement,1,OP06,2026-08-31,,1,0.94,0901,ID,12660,,
DOC-02212,LOT-2026-0229,commercial_invoice,1,OP06,2026-08-22,,0,0.86,0901.11,,12660,,
DOC-02213,LOT-2026-0229,supplier_buyer_info,1,OP06,2026-08-13,,0,0.86,,,,,
DOC-02214,LOT-2026-0229,production_record,1,,2026-07-24,,0,0.87,,ID,13140,,
DOC-02215,LOT-2026-0229,deforestation_evidence,1,,2026-08-21,,0,0.92,,ID,,,2020-09-05
DOC-02216,LOT-2026-0229,legality_land,1,,2023-03-14,2029-04-26,0,0.95,,ID,,,
DOC-02217,LOT-2026-0229,legality_env,1,,2024-08-29,2029-01-14,0,0.9,,,,,
DOC-02218,LOT-2026-0229,legality_labour_tax,1,,2024-07-22,2028-01-28,0,0.88,,,,,
DOC-02219,LOT-2026-0229,risk_assessment,1,,2026-08-20,,0,0.87,,,,non_negligible,
DOC-02220,LOT-2026-0229,certification,1,OP06,2024-08-30,2028-02-27,0,0.97,,,,,
DOC-02221,LOT-2026-0229,risk_mitigation,1,,2026-08-22,,0,0.9,,,,,
DOC-02222,LOT-2026-0230,dds_statement,1,OP02,2026-09-09,,1,0.91,0901,ID,13440,,
DOC-02223,LOT-2026-0230,commercial_invoice,1,OP02,2026-09-04,,0,0.98,0901.11,,13440,,
DOC-02224,LOT-2026-0230,supplier_buyer_info,1,OP02,2026-08-26,,0,0.87,,,,,
DOC-02225,LOT-2026-0230,production_record,1,,2026-08-09,,0,0.87,,ID,13740,,
DOC-02226,LOT-2026-0230,deforestation_evidence,1,,2026-08-24,,0,0.9,,ID,,,2020-11-19
DOC-02227,LOT-2026-0230,legality_land,1,,2023-10-04,2029-02-18,0,0.9,,ID,,,
DOC-02228,LOT-2026-0230,legality_env,1,,2023-02-02,2029-05-09,0,0.93,,,,,
DOC-02229,LOT-2026-0230,legality_labour_tax,1,,2024-10-14,2027-07-18,0,0.87,,,,,
DOC-02230,LOT-2026-0230,risk_assessment,1,,2026-08-20,,0,0.92,,,,negligible,
DOC-02231,LOT-2026-0230,certification,1,OP02,2024-12-17,2027-08-14,0,0.97,,,,,
DOC-02232,LOT-2026-0231,dds_statement,1,OP03,2026-09-19,,1,0.97,0901,ID,8580,,
DOC-02233,LOT-2026-0231,commercial_invoice,1,OP03,2026-09-16,,0,0.91,0901.11,,8580,,
DOC-02234,LOT-2026-0231,supplier_buyer_info,1,OP03,2026-09-04,,0,0.92,,,,,
DOC-02235,LOT-2026-0231,production_record,1,,2026-08-02,,0,0.93,,ID,8760,,
DOC-02236,LOT-2026-0231,deforestation_evidence,1,,2026-08-26,,0,0.85,,ID,,,2020-05-22
DOC-02237,LOT-2026-0231,legality_land,1,,2024-03-14,2029-05-20,0,0.88,,ID,,,
DOC-02238,LOT-2026-0231,legality_env,1,,2024-03-20,2029-01-14,0,0.88,,,,,
DOC-02239,LOT-2026-0231,legality_labour_tax,1,,2025-08-28,2027-07-31,0,0.98,,,,,
DOC-02240,LOT-2026-0231,risk_assessment,1,,2026-09-05,,0,0.98,,,,non_negligible,
DOC-02241,LOT-2026-0231,certification,1,OP03,2024-02-15,2027-02-11,0,0.99,,,,,
DOC-02242,LOT-2026-0231,risk_mitigation,1,,2026-09-06,,0,0.95,,,,,
DOC-02243,LOT-2026-0232,dds_statement,1,OP07,2026-09-13,,1,0.95,0901,ID,13320,,
DOC-02244,LOT-2026-0232,commercial_invoice,1,OP07,2026-09-10,,0,0.91,0901.11,,13320,,
DOC-02245,LOT-2026-0232,supplier_buyer_info,1,OP07,2026-09-03,,0,0.86,,,,,
DOC-02246,LOT-2026-0232,production_record,1,,2026-07-20,,0,0.95,,ID,13320,,
DOC-02247,LOT-2026-0232,deforestation_evidence,1,,2026-08-21,,0,0.87,,ID,,,2020-04-21
DOC-02248,LOT-2026-0232,legality_land,1,,2023-10-30,2029-05-04,0,0.94,,ID,,,
DOC-02249,LOT-2026-0232,legality_env,1,,2023-04-03,2027-06-17,0,0.92,,,,,
DOC-02250,LOT-2026-0232,legality_labour_tax,1,,2024-11-08,2027-08-13,0,0.95,,,,,
DOC-02251,LOT-2026-0232,risk_assessment,1,,2026-08-26,,0,0.97,,,,negligible,
DOC-02252,LOT-2026-0233,dds_statement,1,OP01,2026-09-09,,1,0.95,0901,ID,17820,,
DOC-02253,LOT-2026-0233,commercial_invoice,1,OP01,2026-09-05,,0,0.96,0901.11,,17820,,
DOC-02254,LOT-2026-0233,supplier_buyer_info,1,OP01,2026-08-28,,0,0.94,,,,,
DOC-02255,LOT-2026-0233,production_record,1,,2026-08-06,,0,0.85,,ID,18420,,
DOC-02256,LOT-2026-0233,deforestation_evidence,1,,2026-08-28,,0,0.98,,ID,,,2020-07-16
DOC-02257,LOT-2026-0233,legality_land,1,,2023-12-07,2030-12-23,0,0.85,,ID,,,
DOC-02258,LOT-2026-0233,legality_env,1,,2024-03-12,2029-07-10,0,0.89,,,,,
DOC-02259,LOT-2026-0233,legality_labour_tax,1,,2025-09-19,2028-09-06,0,0.93,,,,,
DOC-02260,LOT-2026-0233,risk_assessment,1,,2026-08-21,,0,0.88,,,,negligible,
DOC-02261,LOT-2026-0234,dds_statement,1,OP06,2026-08-13,,1,0.86,0901,ID,16320,,
DOC-02262,LOT-2026-0234,commercial_invoice,1,OP06,2026-08-05,,0,0.9,0901.11,,16320,,
DOC-02263,LOT-2026-0234,supplier_buyer_info,1,OP06,2026-07-28,,0,0.86,,,,,
DOC-02264,LOT-2026-0234,production_record,1,,2026-07-03,,0,0.87,,ID,16620,,
DOC-02265,LOT-2026-0234,deforestation_evidence,1,,2026-07-17,,0,0.86,,ID,,,2020-12-26
DOC-02266,LOT-2026-0234,legality_land,1,,2024-12-27,2029-02-23,0,0.87,,ID,,,
DOC-02267,LOT-2026-0234,legality_env,1,,2023-12-09,2028-01-31,0,0.93,,,,,
DOC-02268,LOT-2026-0234,legality_labour_tax,1,,2025-05-04,2028-10-15,0,0.97,,,,,
DOC-02269,LOT-2026-0234,risk_assessment,1,,2026-07-24,,0,0.95,,,,negligible,
DOC-02270,LOT-2026-0235,dds_statement,1,OP04,2026-09-01,,1,0.91,0901,ID,10080,,
DOC-02271,LOT-2026-0235,commercial_invoice,1,OP04,2026-08-30,,0,0.86,0901.11,,10080,,
DOC-02272,LOT-2026-0235,supplier_buyer_info,1,OP04,2026-08-20,,0,0.91,,,,,
DOC-02273,LOT-2026-0235,production_record,1,,2026-07-17,,0,0.92,,ID,10560,,
DOC-02274,LOT-2026-0235,deforestation_evidence,1,,2026-08-19,,0,0.95,,ID,,,2020-08-28
DOC-02275,LOT-2026-0235,legality_land,1,,2024-11-25,2030-12-27,0,0.98,,ID,,,
DOC-02276,LOT-2026-0235,legality_env,1,,2024-04-07,2029-02-25,0,0.9,,,,,
DOC-02277,LOT-2026-0235,legality_labour_tax,1,,2024-03-08,2027-09-09,0,0.97,,,,,
DOC-02278,LOT-2026-0235,risk_assessment,1,,2026-08-16,,0,0.91,,,,negligible,
DOC-02279,LOT-2026-0235,certification,1,OP04,2024-07-02,2027-10-23,0,0.98,,,,,
DOC-02280,LOT-2026-0236,dds_statement,1,OP02,2026-08-19,,1,0.87,0901,ID,10200,,
DOC-02281,LOT-2026-0236,commercial_invoice,1,OP02,2026-08-15,,0,0.97,0901.11,,10200,,
DOC-02282,LOT-2026-0236,supplier_buyer_info,1,OP02,2026-08-04,,0,0.98,,,,,
DOC-02283,LOT-2026-0236,production_record,1,,2026-07-17,,0,0.89,,ID,10200,,
DOC-02284,LOT-2026-0236,deforestation_evidence,1,,2026-07-23,,0,0.92,,ID,,,2020-03-08
DOC-02285,LOT-2026-0236,legality_land,1,,2024-03-06,2030-06-28,0,0.95,,ID,,,
DOC-02286,LOT-2026-0236,legality_env,1,,2023-01-22,2028-03-25,0,0.88,,,,,
DOC-02287,LOT-2026-0236,legality_labour_tax,1,,2024-01-23,2027-10-24,0,0.97,,,,,
DOC-02288,LOT-2026-0236,risk_assessment,1,,2026-08-02,,0,0.92,,,,negligible,
DOC-02289,LOT-2026-0236,certification,1,OP02,2025-08-15,2027-12-18,0,0.94,,,,,
DOC-02290,LOT-2026-0237,dds_statement,1,OP06,2026-09-10,,1,0.97,0901,ID,16200,,
DOC-02291,LOT-2026-0237,commercial_invoice,1,OP06,2026-09-01,,0,0.91,0901.11,,16200,,
DOC-02292,LOT-2026-0237,supplier_buyer_info,1,OP06,2026-08-25,,0,0.87,,,,,
DOC-02293,LOT-2026-0237,production_record,1,,2026-07-20,,0,0.87,,ID,16200,,
DOC-02294,LOT-2026-0237,deforestation_evidence,1,,2026-08-23,,0,0.92,,ID,,,2020-12-31
DOC-02295,LOT-2026-0237,legality_land,1,,2023-10-23,2028-04-06,0,0.87,,ID,,,
DOC-02296,LOT-2026-0237,legality_env,1,,2023-10-19,2028-09-09,0,0.98,,,,,
DOC-02297,LOT-2026-0237,legality_labour_tax,1,,2025-09-25,2027-08-12,0,0.95,,,,,
DOC-02298,LOT-2026-0237,risk_assessment,1,,2026-08-27,,0,0.89,,,,negligible,
DOC-02299,LOT-2026-0238,dds_statement,1,OP03,2026-08-23,,1,0.93,0901,ID,7740,,
DOC-02300,LOT-2026-0238,commercial_invoice,1,OP03,2026-08-14,,0,0.89,0901.11,,7740,,
DOC-02301,LOT-2026-0238,supplier_buyer_info,1,OP03,2026-08-14,,0,0.88,,,,,
DOC-02302,LOT-2026-0238,production_record,1,,2026-07-23,,0,0.94,,ID,7740,,
DOC-02303,LOT-2026-0238,deforestation_evidence,1,,2026-08-02,,0,0.9,,ID,,,2020-03-16
DOC-02304,LOT-2026-0238,legality_land,1,,2024-07-06,2028-11-28,0,0.92,,ID,,,
DOC-02305,LOT-2026-0238,legality_env,1,,2023-05-05,2029-12-29,0,0.85,,,,,
DOC-02306,LOT-2026-0238,legality_labour_tax,1,,2025-05-26,2027-07-27,0,0.98,,,,,
DOC-02307,LOT-2026-0238,risk_assessment,1,,2026-08-12,,0,0.98,,,,negligible,
DOC-02308,LOT-2026-0238,certification,1,OP03,2025-07-13,2028-06-03,0,0.9,,,,,
DOC-02309,LOT-2026-0239,dds_statement,1,OP05,2026-09-11,,1,0.87,0901,ID,17580,,
DOC-02310,LOT-2026-0239,commercial_invoice,1,OP05,2026-09-02,,0,0.9,0901.11,,17580,,
DOC-02311,LOT-2026-0239,supplier_buyer_info,1,OP05,2026-09-03,,0,0.95,,,,,
DOC-02312,LOT-2026-0239,production_record,1,,2026-07-25,,0,0.87,,ID,17580,,
DOC-02313,LOT-2026-0239,deforestation_evidence,1,,2026-08-15,,0,0.89,,ID,,,2020-02-29
DOC-02314,LOT-2026-0239,legality_land,1,,2024-02-16,2031-06-18,0,0.97,,ID,,,
DOC-02315,LOT-2026-0239,legality_env,1,,2024-04-01,2028-05-31,0,0.86,,,,,
DOC-02316,LOT-2026-0239,legality_labour_tax,1,,2024-02-26,2028-11-12,0,0.94,,,,,
DOC-02317,LOT-2026-0239,risk_assessment,1,,2026-08-26,,0,0.93,,,,negligible,
DOC-02318,LOT-2026-0239,certification,1,OP05,2024-10-11,2027-07-20,0,0.85,,,,,
DOC-02319,LOT-2026-0240,dds_statement,1,OP08,2026-09-21,,1,0.88,0901,ID,7320,,
DOC-02320,LOT-2026-0240,commercial_invoice,1,OP08,2026-09-14,,0,0.93,0901.11,,7320,,
DOC-02321,LOT-2026-0240,supplier_buyer_info,1,OP08,2026-09-06,,0,0.98,,,,,
DOC-02322,LOT-2026-0240,production_record,1,,2026-08-06,,0,0.9,,ID,7920,,
DOC-02323,LOT-2026-0240,deforestation_evidence,1,,2026-09-07,,0,0.9,,ID,,,2020-08-06
DOC-02324,LOT-2026-0240,legality_land,1,,2024-01-17,2028-01-25,0,0.89,,ID,,,
DOC-02325,LOT-2026-0240,legality_env,1,,2023-12-26,2028-04-11,0,0.99,,,,,
DOC-02326,LOT-2026-0240,legality_labour_tax,1,,2025-07-28,2027-05-29,0,0.88,,,,,
DOC-02327,LOT-2026-0240,risk_assessment,1,,2026-09-09,,0,0.97,,,,non_negligible,
DOC-02328,LOT-2026-0241,dds_statement,1,OP07,2026-09-09,,1,0.99,0901,ID,8460,,
DOC-02329,LOT-2026-0241,commercial_invoice,1,OP07,2026-09-01,,0,0.95,0901.11,,8460,,
DOC-02330,LOT-2026-0241,supplier_buyer_info,1,OP07,2026-08-27,,0,0.87,,,,,
DOC-02331,LOT-2026-0241,production_record,1,,2026-07-16,,0,0.93,,ID,9000,,
DOC-02332,LOT-2026-0241,deforestation_evidence,1,,2026-08-26,,0,0.89,,ID,,,2020-04-16
DOC-02333,LOT-2026-0241,legality_land,1,,2025-06-07,2030-12-11,0,0.99,,ID,,,
DOC-02334,LOT-2026-0241,legality_env,1,,2023-03-09,2029-01-25,0,0.96,,,,,
DOC-02335,LOT-2026-0241,legality_labour_tax,1,,2024-03-31,2027-03-07,0,0.91,,,,,
DOC-02336,LOT-2026-0241,risk_assessment,1,,2026-08-23,,0,0.98,,,,negligible,
DOC-02337,LOT-2026-0241,certification,1,OP07,2025-07-23,2028-04-18,0,0.95,,,,,
DOC-02338,LOT-2026-0242,dds_statement,1,OP03,2026-08-25,,1,0.93,0901,ID,18780,,
DOC-02339,LOT-2026-0242,commercial_invoice,1,OP03,2026-08-23,,0,0.97,0901.11,,18780,,
DOC-02340,LOT-2026-0242,supplier_buyer_info,1,OP03,2026-08-14,,0,0.97,,,,,
DOC-02341,LOT-2026-0242,production_record,1,,2026-07-14,,0,0.92,,ID,19020,,
DOC-02342,LOT-2026-0242,deforestation_evidence,1,,2026-08-01,,0,0.85,,ID,,,2020-04-24
DOC-02343,LOT-2026-0242,legality_land,1,,2023-01-03,2028-11-11,0,0.89,,ID,,,
DOC-02344,LOT-2026-0242,legality_env,1,,2024-10-17,2029-10-02,0,0.94,,,,,
DOC-02345,LOT-2026-0242,legality_labour_tax,1,,2024-05-07,2028-12-29,0,0.94,,,,,
DOC-02346,LOT-2026-0242,risk_assessment,1,,2026-08-15,,0,0.89,,,,negligible,
DOC-02347,LOT-2026-0242,certification,1,OP03,2024-09-07,2027-01-30,0,0.87,,,,,
DOC-02348,LOT-2026-0243,dds_statement,1,OP05,2026-09-14,,1,0.93,0901,ID,15180,,
DOC-02349,LOT-2026-0243,commercial_invoice,1,OP05,2026-09-06,,0,0.97,0901.11,,15180,,
DOC-02350,LOT-2026-0243,supplier_buyer_info,1,OP05,2026-08-28,,0,0.95,,,,,
DOC-02351,LOT-2026-0243,production_record,1,,2026-07-23,,0,0.9,,ID,15180,,
DOC-02352,LOT-2026-0243,deforestation_evidence,1,,2026-08-17,,0,0.97,,ID,,,2020-12-31
DOC-02353,LOT-2026-0243,legality_land,1,,2023-06-16,2031-04-06,0,0.86,,ID,,,
DOC-02354,LOT-2026-0243,legality_env,1,,2023-11-24,2028-09-15,0,0.97,,,,,
DOC-02355,LOT-2026-0243,legality_labour_tax,1,,2024-05-18,2028-02-29,0,0.87,,,,,
DOC-02356,LOT-2026-0243,risk_assessment,1,,2026-09-03,,0,0.89,,,,negligible,
DOC-02357,LOT-2026-0243,certification,1,OP05,2024-12-30,2027-02-19,0,0.89,,,,,
DOC-02358,LOT-2026-0244,dds_statement,1,OP02,2026-09-14,,1,0.96,0901,ID,17760,,
DOC-02359,LOT-2026-0244,commercial_invoice,1,OP02,2026-09-10,,0,0.93,0901.11,,17760,,
DOC-02360,LOT-2026-0244,supplier_buyer_info,1,OP02,2026-08-25,,0,0.89,,,,,
DOC-02361,LOT-2026-0244,production_record,1,,2026-07-26,,0,0.96,,ID,18360,,
DOC-02362,LOT-2026-0244,deforestation_evidence,1,,2026-08-27,,0,0.95,,ID,,,2020-12-16
DOC-02363,LOT-2026-0244,legality_land,1,,2024-01-07,2028-07-15,0,0.92,,ID,,,
DOC-02364,LOT-2026-0244,legality_env,1,,2023-12-27,2029-09-21,0,0.87,,,,,
DOC-02365,LOT-2026-0244,legality_labour_tax,1,,2024-05-20,2028-08-12,0,0.89,,,,,
DOC-02366,LOT-2026-0244,risk_assessment,1,,2026-09-06,,0,0.96,,,,negligible,
DOC-02367,LOT-2026-0244,certification,1,OP02,2024-06-15,2027-04-15,0,0.88,,,,,
DOC-02368,LOT-2026-0245,dds_statement,1,OP04,2026-08-20,,1,0.97,0901,ID,14580,,
DOC-02369,LOT-2026-0245,commercial_invoice,1,OP04,2026-08-17,,0,0.91,0901.11,,14580,,
DOC-02370,LOT-2026-0245,supplier_buyer_info,1,OP04,2026-08-12,,0,0.87,,,,,
DOC-02371,LOT-2026-0245,production_record,1,,2026-07-02,,0,0.98,,ID,14580,,
DOC-02372,LOT-2026-0245,deforestation_evidence,1,,2026-07-26,,0,0.89,,ID,,,2020-12-31
DOC-02373,LOT-2026-0245,legality_land,1,,2024-01-07,2028-10-11,0,0.96,,ID,,,
DOC-02374,LOT-2026-0245,legality_env,1,,2025-06-30,2029-02-01,0,0.92,,,,,
DOC-02375,LOT-2026-0245,legality_labour_tax,1,,2024-12-16,2027-08-24,0,0.95,,,,,
DOC-02376,LOT-2026-0245,risk_assessment,1,,2026-08-03,,0,0.85,,,,negligible,
DOC-02377,LOT-2026-0246,dds_statement,1,OP04,2026-08-16,,1,0.88,0901,ID,16620,,
DOC-02378,LOT-2026-0246,commercial_invoice,1,OP04,2026-08-12,,0,0.88,0901.11,,16620,,
DOC-02379,LOT-2026-0246,supplier_buyer_info,1,OP04,2026-08-08,,0,0.91,,,,,
DOC-02380,LOT-2026-0246,production_record,1,,2026-07-13,,0,0.86,,ID,16680,,
DOC-02381,LOT-2026-0246,deforestation_evidence,1,,2026-07-22,,0,0.86,,ID,,,2020-08-08
DOC-02382,LOT-2026-0246,legality_land,1,,2023-04-21,2028-03-08,0,0.96,,ID,,,
DOC-02383,LOT-2026-0246,legality_env,1,,2024-06-09,2029-01-28,0,0.86,,,,,
DOC-02384,LOT-2026-0246,legality_labour_tax,1,,2024-05-01,2027-11-15,0,0.86,,,,,
DOC-02385,LOT-2026-0246,risk_assessment,1,,2026-07-30,,0,0.89,,,,negligible,
DOC-02386,LOT-2026-0246,certification,1,OP04,2024-04-08,2027-05-07,0,0.98,,,,,
DOC-02387,LOT-2026-0247,dds_statement,1,OP04,2026-09-19,,1,0.85,0901,ID,8820,,
DOC-02388,LOT-2026-0247,commercial_invoice,1,OP04,2026-09-15,,0,0.97,0901.11,,8820,,
DOC-02389,LOT-2026-0247,supplier_buyer_info,1,OP04,2026-09-08,,0,0.98,,,,,
DOC-02390,LOT-2026-0247,production_record,1,,2026-07-30,,0,0.9,,ID,9120,,
DOC-02391,LOT-2026-0247,deforestation_evidence,1,,2026-08-24,,0,0.88,,ID,,,2020-11-09
DOC-02392,LOT-2026-0247,legality_land,1,,2024-08-06,2028-05-19,0,0.86,,ID,,,
DOC-02393,LOT-2026-0247,legality_env,1,,2024-08-15,2029-07-21,0,0.85,,,,,
DOC-02394,LOT-2026-0247,legality_labour_tax,1,,2024-08-10,2027-09-13,0,0.98,,,,,
DOC-02395,LOT-2026-0247,risk_assessment,1,,2026-09-08,,0,0.87,,,,negligible,
DOC-02396,LOT-2026-0248,dds_statement,2,OP01,2026-08-19,,1,0.92,0901,ID,13740,,
DOC-02397,LOT-2026-0248,commercial_invoice,1,OP01,2026-08-15,,0,0.91,0901.11,,13740,,
DOC-02398,LOT-2026-0248,supplier_buyer_info,1,OP01,2026-08-11,,0,0.88,,,,,
DOC-02399,LOT-2026-0248,production_record,1,,2026-06-23,,0,0.99,,ID,14040,,
DOC-02400,LOT-2026-0248,deforestation_evidence,1,,2026-07-27,,0,0.92,,ID,,,2020-04-19
DOC-02401,LOT-2026-0248,legality_land,1,,2024-02-22,2028-08-19,0,0.96,,ID,,,
DOC-02402,LOT-2026-0248,legality_env,1,,2023-11-18,2027-10-05,0,0.92,,,,,
DOC-02403,LOT-2026-0248,legality_labour_tax,1,,2025-06-16,2027-07-18,0,0.92,,,,,
DOC-02404,LOT-2026-0248,risk_assessment,1,,2026-08-02,,0,0.9,,,,negligible,
DOC-02405,LOT-2026-0248,certification,1,OP01,2024-02-11,2027-03-26,0,0.9,,,,,
DOC-02406,LOT-2026-0248,dds_statement,1,OP01,2026-08-11,,1,0.72,0901,ID,14580,,
DOC-02407,LOT-2026-0249,dds_statement,1,OP08,2026-09-16,,1,0.91,0901,ID,10740,,
DOC-02408,LOT-2026-0249,commercial_invoice,1,OP08,2026-09-08,,0,0.89,0901.11,,10740,,
DOC-02409,LOT-2026-0249,supplier_buyer_info,1,OP08,2026-08-27,,0,0.91,,,,,
DOC-02410,LOT-2026-0249,production_record,1,,2026-07-27,,0,0.98,,ID,10800,,
DOC-02411,LOT-2026-0249,deforestation_evidence,1,,2026-08-22,,0,0.9,,ID,,,2020-12-13
DOC-02412,LOT-2026-0249,legality_land,1,,2023-01-14,2031-10-12,0,0.92,,ID,,,
DOC-02413,LOT-2026-0249,legality_env,1,,2023-04-18,2028-07-10,0,0.91,,,,,
DOC-02414,LOT-2026-0249,legality_labour_tax,1,,2024-03-28,2027-07-01,0,0.87,,,,,
DOC-02415,LOT-2026-0249,risk_assessment,1,,2026-08-28,,0,0.91,,,,negligible,
DOC-02416,LOT-2026-0249,certification,1,OP08,2024-04-14,2027-06-22,0,0.86,,,,,
DOC-02417,LOT-2026-0250,dds_statement,1,OP04,2026-09-03,,1,0.87,0901,ID,15120,,
DOC-02418,LOT-2026-0250,commercial_invoice,1,OP04,2026-08-26,,0,0.95,0901.11,,15120,,
DOC-02419,LOT-2026-0250,supplier_buyer_info,1,OP04,2026-08-23,,0,0.96,,,,,
DOC-02420,LOT-2026-0250,production_record,1,,2026-07-08,,0,0.93,,ID,15660,,
DOC-02421,LOT-2026-0250,deforestation_evidence,1,,2026-08-12,,0,0.92,,ID,,,2020-07-01
DOC-02422,LOT-2026-0250,legality_land,1,,2024-09-09,2030-04-08,0,0.99,,ID,,,
DOC-02423,LOT-2026-0250,legality_env,1,,2024-06-07,2028-03-12,0,0.87,,,,,
DOC-02424,LOT-2026-0250,legality_labour_tax,1,,2025-04-10,2027-06-19,0,0.87,,,,,
DOC-02425,LOT-2026-0250,risk_assessment,1,,2026-08-22,,0,0.92,,,,non_negligible,
DOC-02426,LOT-2026-0250,certification,1,OP04,2024-05-17,2027-01-31,0,0.86,,,,,
DOC-02427,LOT-2026-0250,risk_mitigation,1,,2026-08-23,,0,0.86,,,,,
DOC-02428,LOT-2026-0251,dds_statement,1,OP08,2026-09-26,,1,0.95,0901,ID,8700,,
DOC-02429,LOT-2026-0251,commercial_invoice,1,OP08,2026-09-22,,0,0.89,0901.11,,8700,,
DOC-02430,LOT-2026-0251,supplier_buyer_info,1,OP08,2026-09-10,,0,0.86,,,,,
DOC-02431,LOT-2026-0251,production_record,1,,2026-08-15,,0,0.94,,ID,8760,,
DOC-02432,LOT-2026-0251,deforestation_evidence,1,,2026-08-31,,0,0.96,,ID,,,2020-09-09
DOC-02433,LOT-2026-0251,legality_land,1,,2023-07-26,2029-08-24,0,0.94,,ID,,,
DOC-02434,LOT-2026-0251,legality_env,1,,2024-05-17,2028-10-29,0,0.89,,,,,
DOC-02435,LOT-2026-0251,legality_labour_tax,1,,2024-12-17,2028-09-04,0,0.93,,,,,
DOC-02436,LOT-2026-0251,risk_assessment,1,,2026-09-11,,0,0.98,,,,negligible,
DOC-02437,LOT-2026-0251,certification,1,OP08,2025-03-16,2027-05-02,0,0.9,,,,,
DOC-02438,LOT-2026-0252,dds_statement,1,OP06,2026-09-04,,1,0.87,0901,ID,13020,,
DOC-02439,LOT-2026-0252,commercial_invoice,1,OP06,2026-08-29,,0,0.97,0901.11,,13020,,
DOC-02440,LOT-2026-0252,supplier_buyer_info,1,OP06,2026-08-26,,0,0.92,,,,,
DOC-02441,LOT-2026-0252,production_record,1,,2026-08-04,,0,0.89,,ID,13140,,
DOC-02442,LOT-2026-0252,deforestation_evidence,1,,2026-08-13,,0,0.96,,ID,,,2020-09-06
DOC-02443,LOT-2026-0252,legality_land,1,,2024-08-05,2031-10-14,0,0.92,,ID,,,
DOC-02444,LOT-2026-0252,legality_env,1,,2024-07-21,2029-05-02,0,0.93,,,,,
DOC-02445,LOT-2026-0252,legality_labour_tax,1,,2025-04-26,2028-06-30,0,0.93,,,,,
DOC-02446,LOT-2026-0252,risk_assessment,1,,2026-08-29,,0,0.87,,,,negligible,
DOC-02447,LOT-2026-0252,certification,1,OP06,2024-09-26,2028-05-21,0,0.93,,,,,
DOC-02448,LOT-2026-0253,dds_statement,1,OP07,2026-09-17,,1,0.89,0901,ID,11400,,
DOC-02449,LOT-2026-0253,commercial_invoice,1,OP07,2026-09-15,,0,0.93,0901.11,,11400,,
DOC-02450,LOT-2026-0253,supplier_buyer_info,1,OP07,2026-09-08,,0,0.97,,,,,
DOC-02451,LOT-2026-0253,production_record,1,,2026-07-25,,0,0.96,,ID,11700,,
DOC-02452,LOT-2026-0253,deforestation_evidence,1,,2026-08-20,,0,0.96,,ID,,,2020-01-14
DOC-02453,LOT-2026-0253,legality_land,1,,2024-10-02,2029-11-29,0,0.9,,ID,,,
DOC-02454,LOT-2026-0253,legality_env,1,,2024-03-14,2028-05-19,0,0.99,,,,,
DOC-02455,LOT-2026-0253,legality_labour_tax,1,,2025-02-25,2028-02-23,0,0.86,,,,,
DOC-02456,LOT-2026-0253,risk_assessment,1,,2026-09-07,,0,0.88,,,,non_negligible,
DOC-02457,LOT-2026-0253,certification,1,OP07,2024-11-15,2028-08-29,0,0.86,,,,,
DOC-02458,LOT-2026-0253,risk_mitigation,1,,2026-09-10,,0,0.95,,,,,
DOC-02459,LOT-2026-0254,dds_statement,1,OP02,2026-09-03,,1,0.86,0901,ID,6300,,
DOC-02460,LOT-2026-0254,commercial_invoice,1,OP02,2026-08-26,,0,0.93,0901.11,,6300,,
DOC-02461,LOT-2026-0254,supplier_buyer_info,1,OP02,2026-08-21,,0,0.89,,,,,
DOC-02462,LOT-2026-0254,production_record,1,,2026-07-18,,0,0.93,,ID,6720,,
DOC-02463,LOT-2026-0254,deforestation_evidence,1,,2026-08-14,,0,0.93,,ID,,,2021-07-21
DOC-02464,LOT-2026-0254,legality_land,1,,2023-11-27,2031-03-18,0,0.86,,ID,,,
DOC-02465,LOT-2026-0254,legality_env,1,,2024-05-15,2027-09-11,0,0.95,,,,,
DOC-02466,LOT-2026-0254,legality_labour_tax,1,,2024-07-29,2028-02-08,0,0.92,,,,,
DOC-02467,LOT-2026-0254,risk_assessment,1,,2026-08-23,,0,0.96,,,,negligible,
DOC-02468,LOT-2026-0255,dds_statement,1,OP05,2026-09-03,,1,0.97,0901,ID,9060,,
DOC-02469,LOT-2026-0255,commercial_invoice,1,OP05,2026-08-31,,0,0.97,0901.11,,9060,,
DOC-02470,LOT-2026-0255,supplier_buyer_info,1,OP05,2026-08-19,,0,0.88,,,,,
DOC-02471,LOT-2026-0255,production_record,1,,2026-07-20,,0,0.86,,ID,9300,,
DOC-02472,LOT-2026-0255,deforestation_evidence,1,,2026-08-06,,0,0.96,,ID,,,2020-07-24
DOC-02473,LOT-2026-0255,legality_land,1,,2024-10-01,2028-07-07,0,0.95,,ID,,,
DOC-02474,LOT-2026-0255,legality_env,1,,2024-08-15,2027-09-06,0,0.93,,,,,
DOC-02475,LOT-2026-0255,legality_labour_tax,1,,2024-10-06,2027-05-08,0,0.93,,,,,
DOC-02476,LOT-2026-0255,risk_assessment,1,,2026-08-18,,0,0.92,,,,negligible,
DOC-02477,LOT-2026-0255,certification,1,OP05,2024-12-21,2027-03-20,0,0.94,,,,,
DOC-02478,LOT-2026-0256,dds_statement,1,OP05,2026-09-09,,1,0.93,0901,ID,10560,,
DOC-02479,LOT-2026-0256,commercial_invoice,1,OP05,2026-09-04,,0,0.91,0901.11,,10560,,
DOC-02480,LOT-2026-0256,supplier_buyer_info,1,OP05,2026-08-29,,0,0.94,,,,,
DOC-02481,LOT-2026-0256,production_record,2,,2026-07-28,,0,0.94,,ID,10980,,
DOC-02482,LOT-2026-0256,deforestation_evidence,1,,2026-08-13,,0,0.97,,ID,,,2020-04-02
DOC-02483,LOT-2026-0256,legality_land,1,,2024-10-04,2031-12-11,0,0.92,,ID,,,
DOC-02484,LOT-2026-0256,legality_env,1,,2023-07-11,2029-01-11,0,0.92,,,,,
DOC-02485,LOT-2026-0256,legality_labour_tax,1,,2025-04-23,2027-11-30,0,0.98,,,,,
DOC-02486,LOT-2026-0256,risk_assessment,1,,2026-08-24,,0,0.92,,,,negligible,
DOC-02487,LOT-2026-0256,production_record,1,,2026-07-26,,0,0.72,,ID,9540,,
DOC-02488,LOT-2026-0257,dds_statement,1,OP04,2026-09-03,,1,0.95,0901,ID,8220,,
DOC-02489,LOT-2026-0257,commercial_invoice,1,OP04,2026-08-28,,0,0.97,0901.11,,8220,,
DOC-02490,LOT-2026-0257,supplier_buyer_info,1,OP04,2026-08-21,,0,0.89,,,,,
DOC-02491,LOT-2026-0257,production_record,1,,2026-07-28,,0,0.94,,ID,8280,,
DOC-02492,LOT-2026-0257,deforestation_evidence,1,,2026-08-11,,0,0.97,,ID,,,2020-05-16
DOC-02493,LOT-2026-0257,legality_land,1,,2024-10-23,2028-11-24,0,0.89,,ID,,,
DOC-02494,LOT-2026-0257,legality_env,1,,2024-09-07,2028-01-28,0,0.91,,,,,
DOC-02495,LOT-2026-0257,legality_labour_tax,1,,2024-04-26,2027-08-01,0,0.88,,,,,
DOC-02496,LOT-2026-0257,risk_assessment,1,,2026-08-26,,0,0.88,,,,negligible,
DOC-02497,LOT-2026-0258,dds_statement,1,OP08,2026-09-10,,1,0.98,0901,ID,12660,,
DOC-02498,LOT-2026-0258,commercial_invoice,1,OP08,2026-09-05,,0,0.87,0901.11,,12660,,
DOC-02499,LOT-2026-0258,supplier_buyer_info,1,OP08,2026-09-01,,0,0.85,,,,,
DOC-02500,LOT-2026-0258,production_record,1,,2026-07-29,,0,0.94,,ID,12900,,
DOC-02501,LOT-2026-0258,deforestation_evidence,1,,2026-08-26,,0,0.97,,ID,,,2020-11-25
DOC-02502,LOT-2026-0258,legality_land,1,,2025-01-09,2030-09-22,0,0.96,,ID,,,
DOC-02503,LOT-2026-0258,legality_env,1,,2023-02-26,2029-10-28,0,0.98,,,,,
DOC-02504,LOT-2026-0258,legality_labour_tax,1,,2024-11-17,2028-11-06,0,0.89,,,,,
DOC-02505,LOT-2026-0258,risk_assessment,1,,2026-08-25,,0,0.86,,,,negligible,
DOC-02506,LOT-2026-0259,dds_statement,1,OP06,2026-09-20,,1,0.95,0901,ID,7380,,
DOC-02507,LOT-2026-0259,commercial_invoice,1,OP06,2026-09-16,,0,0.88,0901.11,,7380,,
DOC-02508,LOT-2026-0259,supplier_buyer_info,1,OP06,2026-09-04,,0,0.95,,,,,
DOC-02509,LOT-2026-0259,production_record,2,,2026-08-09,,0,0.92,,ID,7440,,
DOC-02510,LOT-2026-0259,deforestation_evidence,1,,2026-08-23,,0,0.89,,ID,,,2020-09-25
DOC-02511,LOT-2026-0259,legality_land,1,,2025-06-24,2028-07-03,0,0.88,,ID,,,
DOC-02512,LOT-2026-0259,legality_env,1,,2023-05-06,2029-07-31,0,0.96,,,,,
DOC-02513,LOT-2026-0259,legality_labour_tax,1,,2024-12-03,2028-10-19,0,0.95,,,,,
DOC-02514,LOT-2026-0259,risk_assessment,1,,2026-09-01,,0,0.96,,,,negligible,
DOC-02515,LOT-2026-0259,production_record,1,,2026-08-04,,0,0.72,,ID,7080,,
DOC-02516,LOT-2026-0260,dds_statement,1,OP02,2026-08-24,,1,0.89,0901,ID,10200,,
DOC-02517,LOT-2026-0260,commercial_invoice,1,OP02,2026-08-22,,0,0.92,0901.11,,10200,,
DOC-02518,LOT-2026-0260,supplier_buyer_info,1,OP02,2026-08-12,,0,0.95,,,,,
DOC-02519,LOT-2026-0260,production_record,1,,2026-07-11,,0,0.89,,ID,10260,,
DOC-02520,LOT-2026-0260,deforestation_evidence,1,,2026-08-01,,0,0.95,,ID,,,2020-08-31
DOC-02521,LOT-2026-0260,legality_land,1,,2023-10-12,2028-10-23,0,0.9,,ID,,,
DOC-02522,LOT-2026-0260,legality_env,1,,2025-01-02,2028-06-11,0,0.96,,,,,
DOC-02523,LOT-2026-0260,legality_labour_tax,1,,2024-01-22,2028-12-20,0,0.99,,,,,
DOC-02524,LOT-2026-0260,risk_assessment,1,,2026-08-12,,0,0.93,,,,negligible,
DOC-02525,LOT-2026-0261,dds_statement,1,OP01,2026-09-21,,1,0.93,0901,ID,16260,,
DOC-02526,LOT-2026-0261,commercial_invoice,1,OP01,2026-09-15,,0,0.94,0901.11,,16260,,
DOC-02527,LOT-2026-0261,supplier_buyer_info,1,OP01,2026-09-03,,0,0.9,,,,,
DOC-02528,LOT-2026-0261,production_record,1,,2026-08-15,,0,0.87,,ID,16860,,
DOC-02529,LOT-2026-0261,deforestation_evidence,1,,2026-09-04,,0,0.9,,ID,,,2020-08-14
DOC-02530,LOT-2026-0261,legality_land,1,,2024-02-07,2029-06-07,0,0.89,,ID,,,
DOC-02531,LOT-2026-0261,legality_labour_tax,1,,2024-08-03,2027-08-12,0,0.98,,,,,
DOC-02532,LOT-2026-0261,risk_assessment,1,,2026-09-11,,0,0.94,,,,negligible,
DOC-02533,LOT-2026-0262,dds_statement,1,OP01,2026-08-25,,1,0.98,0901,ID,7200,,
DOC-02534,LOT-2026-0262,commercial_invoice,1,OP01,2026-08-16,,0,0.95,0901.11,,7200,,
DOC-02535,LOT-2026-0262,supplier_buyer_info,1,OP01,2026-08-05,,0,0.9,,,,,
DOC-02536,LOT-2026-0262,production_record,1,,2026-06-30,,0,0.97,,ID,7560,,
DOC-02537,LOT-2026-0262,deforestation_evidence,1,,2026-08-12,,0,0.95,,ID,,,2020-03-23
DOC-02538,LOT-2026-0262,legality_land,1,,2024-06-02,2028-05-15,0,0.9,,ID,,,
DOC-02539,LOT-2026-0262,legality_env,1,,2024-09-08,2029-06-16,0,0.96,,,,,
DOC-02540,LOT-2026-0262,legality_labour_tax,1,,2024-11-30,2028-06-07,0,0.95,,,,,
DOC-02541,LOT-2026-0262,risk_assessment,1,,2026-08-07,,0,0.96,,,,negligible,
DOC-02542,LOT-2026-0263,dds_statement,1,OP03,2026-09-20,,1,0.85,0901,ID,18120,,
DOC-02543,LOT-2026-0263,commercial_invoice,1,OP03,2026-09-15,,0,0.94,0901.11,,18120,,
DOC-02544,LOT-2026-0263,supplier_buyer_info,1,OP03,2026-09-08,,0,0.93,,,,,
DOC-02545,LOT-2026-0263,production_record,1,,2026-08-01,,0,0.87,,ID,18180,,
DOC-02546,LOT-2026-0263,deforestation_evidence,1,,2026-08-25,,0,0.96,,ID,,,2020-11-28
DOC-02547,LOT-2026-0263,legality_land,1,,2025-05-17,2031-05-01,0,0.95,,ID,,,
DOC-02548,LOT-2026-0263,legality_env,1,,2025-03-22,2028-04-23,0,0.91,,,,,
DOC-02549,LOT-2026-0263,legality_labour_tax,1,,2024-05-16,2027-11-22,0,0.87,,,,,
DOC-02550,LOT-2026-0263,risk_assessment,1,,2026-09-12,,0,0.93,,,,negligible,
DOC-02551,LOT-2026-0263,certification,1,OP03,2024-10-15,2027-07-23,0,0.86,,,,,
DOC-02552,LOT-2026-0264,dds_statement,1,OP06,2026-08-22,,1,0.97,0901,ID,11760,,
DOC-02553,LOT-2026-0264,commercial_invoice,1,OP06,2026-08-17,,0,0.85,0901.11,,11760,,
DOC-02554,LOT-2026-0264,supplier_buyer_info,1,OP06,2026-08-15,,0,0.98,,,,,
DOC-02555,LOT-2026-0264,production_record,1,,2026-06-23,,0,0.94,,ID,12360,,
DOC-02556,LOT-2026-0264,deforestation_evidence,1,,2026-08-05,,0,0.99,,ID,,,2020-02-15
DOC-02557,LOT-2026-0264,legality_land,1,,2023-07-23,2029-06-20,0,0.95,,ID,,,
DOC-02558,LOT-2026-0264,legality_env,1,,2023-06-22,2027-07-21,0,0.91,,,,,
DOC-02559,LOT-2026-0264,legality_labour_tax,1,,2025-03-15,2028-11-04,0,0.89,,,,,
DOC-02560,LOT-2026-0264,risk_assessment,1,,2026-08-03,,0,0.86,,,,non_negligible,
DOC-02561,LOT-2026-0264,certification,1,OP06,2025-08-03,2027-05-01,0,0.85,,,,,
DOC-02562,LOT-2026-0264,risk_mitigation,1,,2026-08-07,,0,0.92,,,,,
DOC-02563,LOT-2026-0265,dds_statement,1,OP08,2026-08-20,,1,0.98,0901,ID,16920,,
DOC-02564,LOT-2026-0265,commercial_invoice,2,OP08,2026-08-14,,0,0.89,0901.11,,16920,,
DOC-02565,LOT-2026-0265,supplier_buyer_info,1,OP08,2026-08-06,,0,0.9,,,,,
DOC-02566,LOT-2026-0265,production_record,1,,2026-07-15,,0,0.97,,ID,17280,,
DOC-02567,LOT-2026-0265,deforestation_evidence,1,,2026-08-04,,0,0.95,,ID,,,2020-05-24
DOC-02568,LOT-2026-0265,legality_land,1,,2023-07-13,2030-05-06,0,0.88,,ID,,,
DOC-02569,LOT-2026-0265,legality_env,1,,2025-03-22,2027-10-28,0,0.85,,,,,
DOC-02570,LOT-2026-0265,legality_labour_tax,1,,2024-09-25,2027-10-28,0,0.94,,,,,
DOC-02571,LOT-2026-0265,risk_assessment,1,,2026-08-11,,0,0.98,,,,negligible,
DOC-02572,LOT-2026-0265,certification,1,OP08,2025-04-14,2027-03-29,0,0.85,,,,,
DOC-02573,LOT-2026-0265,commercial_invoice,1,OP08,2026-08-07,,0,0.72,0901.11,,17940,,
DOC-02574,LOT-2026-0266,dds_statement,1,OP04,2026-09-02,,1,0.89,0901,ID,12480,,
DOC-02575,LOT-2026-0266,commercial_invoice,1,OP04,2026-08-30,,0,0.93,0901.11,,12480,,
DOC-02576,LOT-2026-0266,supplier_buyer_info,1,OP04,2026-08-26,,0,0.9,,,,,
DOC-02577,LOT-2026-0266,production_record,1,,2026-07-11,,0,0.92,,ID,12660,,
DOC-02578,LOT-2026-0266,deforestation_evidence,1,,2026-08-12,,0,0.98,,ID,,,2020-11-06
DOC-02579,LOT-2026-0266,legality_land,1,,2025-04-01,2031-05-10,0,0.95,,ID,,,
DOC-02580,LOT-2026-0266,legality_env,1,,2025-04-09,2027-07-17,0,0.85,,,,,
DOC-02581,LOT-2026-0266,legality_labour_tax,1,,2025-05-31,2028-11-24,0,0.9,,,,,
DOC-02582,LOT-2026-0266,risk_assessment,1,,2026-08-18,,0,0.99,,,,negligible,
DOC-02583,LOT-2026-0267,dds_statement,1,OP03,2026-09-18,,1,0.87,0901,ID,14880,,
DOC-02584,LOT-2026-0267,commercial_invoice,1,OP03,2026-09-09,,0,0.98,0901.11,,14880,,
DOC-02585,LOT-2026-0267,supplier_buyer_info,2,OP03,2026-09-04,,0,0.87,,,,,
DOC-02586,LOT-2026-0267,production_record,1,,2026-08-14,,0,0.95,,ID,15180,,
DOC-02587,LOT-2026-0267,deforestation_evidence,1,,2026-08-26,,0,0.89,,ID,,,2020-03-13
DOC-02588,LOT-2026-0267,legality_land,1,,2023-11-17,2028-03-31,0,0.99,,ID,,,
DOC-02589,LOT-2026-0267,legality_env,1,,2024-05-26,2029-11-09,0,0.99,,,,,
DOC-02590,LOT-2026-0267,legality_labour_tax,1,,2024-10-14,2028-03-04,0,0.98,,,,,
DOC-02591,LOT-2026-0267,risk_assessment,1,,2026-09-08,,0,0.89,,,,negligible,
DOC-02592,LOT-2026-0267,supplier_buyer_info,1,OP04,2026-08-25,,0,0.72,,,,,
DOC-02593,LOT-2026-0268,dds_statement,1,OP07,2026-08-22,,1,0.98,0901,ID,17280,,
DOC-02594,LOT-2026-0268,commercial_invoice,1,OP07,2026-08-13,,0,0.86,0901.11,,17280,,
DOC-02595,LOT-2026-0268,supplier_buyer_info,1,OP07,2026-08-13,,0,0.86,,,,,
DOC-02596,LOT-2026-0268,production_record,1,,2026-07-08,,0,0.86,,ID,17400,,
DOC-02597,LOT-2026-0268,deforestation_evidence,1,,2026-08-04,,0,0.95,,ID,,,2020-03-24
DOC-02598,LOT-2026-0268,legality_land,1,,2024-03-22,2028-08-25,0,0.99,,ID,,,
DOC-02599,LOT-2026-0268,legality_env,1,,2024-05-21,2027-07-12,0,0.91,,,,,
DOC-02600,LOT-2026-0268,legality_labour_tax,1,,2025-07-28,2028-07-09,0,0.91,,,,,
DOC-02601,LOT-2026-0268,risk_assessment,1,,2026-08-23,,0,0.87,,,,negligible,
DOC-02602,LOT-2026-0269,dds_statement,1,OP03,2026-08-19,,1,0.89,0901,ID,7380,,
DOC-02603,LOT-2026-0269,commercial_invoice,1,OP03,2026-08-15,,0,0.95,0901.11,,7380,,
DOC-02604,LOT-2026-0269,supplier_buyer_info,1,OP03,2026-07-30,,0,0.89,,,,,
DOC-02605,LOT-2026-0269,production_record,1,,2026-07-14,,0,0.93,,ID,7980,,
DOC-02606,LOT-2026-0269,deforestation_evidence,1,,2026-07-22,,0,0.92,,ID,,,2020-01-03
DOC-02607,LOT-2026-0269,legality_land,1,,2024-08-07,2029-01-04,0,0.91,,ID,,,
DOC-02608,LOT-2026-0269,legality_env,1,,2023-03-20,2028-02-08,0,0.96,,,,,
DOC-02609,LOT-2026-0269,legality_labour_tax,1,,2024-04-06,2028-01-31,0,0.85,,,,,
DOC-02610,LOT-2026-0269,risk_assessment,1,,2026-07-31,,0,0.95,,,,non_negligible,
DOC-02611,LOT-2026-0270,dds_statement,1,OP07,2026-09-02,,1,0.87,0901,ID,7620,,
DOC-02612,LOT-2026-0270,commercial_invoice,1,OP07,2026-08-30,,0,0.91,0901.11,,7620,,
DOC-02613,LOT-2026-0270,supplier_buyer_info,1,OP07,2026-08-15,,0,0.94,,,,,
DOC-02614,LOT-2026-0270,production_record,1,,2026-07-08,,0,0.94,,ID,8040,,
DOC-02615,LOT-2026-0270,deforestation_evidence,1,,2026-08-15,,0,0.94,,ID,,,2020-10-31
DOC-02616,LOT-2026-0270,legality_land,1,,2023-12-04,2028-03-30,0,0.94,,ID,,,
DOC-02617,LOT-2026-0270,legality_env,1,,2024-04-08,2028-04-28,0,0.98,,,,,
DOC-02618,LOT-2026-0270,legality_labour_tax,1,,2025-08-05,2027-07-11,0,0.88,,,,,
DOC-02619,LOT-2026-0270,risk_assessment,1,,2026-08-22,,0,0.86,,,,non_negligible,
DOC-02620,LOT-2026-0270,risk_mitigation,1,,2026-08-23,,0,0.9,,,,,
DOC-02621,LOT-2026-0271,dds_statement,1,OP02,2026-09-14,,1,0.89,0901,ID,11820,,
DOC-02622,LOT-2026-0271,commercial_invoice,1,OP02,2026-09-09,,0,0.99,0901.11,,11820,,
DOC-02623,LOT-2026-0271,supplier_buyer_info,1,OP02,2026-08-25,,0,0.91,,,,,
DOC-02624,LOT-2026-0271,production_record,1,,2026-08-13,,0,0.97,,ID,11820,,
DOC-02625,LOT-2026-0271,deforestation_evidence,1,,2026-08-30,,0,0.96,,ID,,,2020-07-17
DOC-02626,LOT-2026-0271,legality_land,1,,2023-10-19,2031-08-18,0,0.96,,ID,,,
DOC-02627,LOT-2026-0271,legality_env,1,,2024-10-31,2027-11-05,0,0.87,,,,,
DOC-02628,LOT-2026-0271,legality_labour_tax,1,,2025-05-17,2028-05-16,0,0.95,,,,,
DOC-02629,LOT-2026-0271,risk_assessment,1,,2026-09-02,,0,0.98,,,,negligible,
DOC-02630,LOT-2026-0272,dds_statement,1,OP03,2026-08-31,,1,0.92,0901,ID,7440,,
DOC-02631,LOT-2026-0272,commercial_invoice,1,OP03,2026-08-22,,0,0.91,0901.11,,7440,,
DOC-02632,LOT-2026-0272,supplier_buyer_info,1,OP03,2026-08-18,,0,0.92,,,,,
DOC-02633,LOT-2026-0272,production_record,1,,2026-07-06,,0,0.93,,ID,7980,,
DOC-02634,LOT-2026-0272,deforestation_evidence,1,,2026-08-19,,0,0.96,,ID,,,2020-08-04
DOC-02635,LOT-2026-0272,legality_land,1,,2024-09-20,2029-01-16,0,0.91,,ID,,,
DOC-02636,LOT-2026-0272,legality_env,1,,2024-03-12,2027-09-04,0,0.86,,,,,
DOC-02637,LOT-2026-0272,legality_labour_tax,1,,2024-12-15,2028-06-17,0,0.94,,,,,
DOC-02638,LOT-2026-0272,risk_assessment,1,,2026-08-20,,0,0.94,,,,negligible,
DOC-02639,LOT-2026-0273,dds_statement,1,OP08,2026-09-11,,1,0.89,0901,ID,15900,,
DOC-02640,LOT-2026-0273,commercial_invoice,1,OP08,2026-09-03,,0,0.86,0901.11,,15900,,
DOC-02641,LOT-2026-0273,supplier_buyer_info,1,OP05,2026-08-23,,0,0.92,,,,,
DOC-02642,LOT-2026-0273,production_record,1,,2026-07-27,,0,0.99,,ID,16020,,
DOC-02643,LOT-2026-0273,deforestation_evidence,1,,2026-08-23,,0,0.92,,ID,,,2020-05-07
DOC-02644,LOT-2026-0273,legality_land,1,,2023-10-30,2031-03-10,0,0.86,,ID,,,
DOC-02645,LOT-2026-0273,legality_env,1,,2023-03-20,2029-12-26,0,0.86,,,,,
DOC-02646,LOT-2026-0273,legality_labour_tax,1,,2024-04-20,2028-08-04,0,0.91,,,,,
DOC-02647,LOT-2026-0273,risk_assessment,1,,2026-09-04,,0,0.86,,,,negligible,
DOC-02648,LOT-2026-0274,dds_statement,1,OP05,2026-09-03,,1,0.92,0901,ID,14940,,
DOC-02649,LOT-2026-0274,commercial_invoice,1,OP05,2026-08-31,,0,0.95,0901.11,,14940,,
DOC-02650,LOT-2026-0274,supplier_buyer_info,1,OP05,2026-08-20,,0,0.88,,,,,
DOC-02651,LOT-2026-0274,production_record,1,,2026-08-02,,0,0.97,,ID,15060,,
DOC-02652,LOT-2026-0274,deforestation_evidence,1,,2026-08-23,,0,0.91,,ID,,,2020-02-12
DOC-02653,LOT-2026-0274,legality_land,1,,2024-12-22,2029-09-01,0,0.89,,ID,,,
DOC-02654,LOT-2026-0274,legality_env,1,,2025-01-11,2028-09-08,0,0.96,,,,,
DOC-02655,LOT-2026-0274,legality_labour_tax,1,,2025-04-05,2028-11-28,0,0.96,,,,,
DOC-02656,LOT-2026-0274,risk_assessment,1,,2026-08-16,,0,0.9,,,,non_negligible,
DOC-02657,LOT-2026-0274,risk_mitigation,1,,2026-08-18,,0,0.96,,,,,
DOC-02658,LOT-2026-0275,dds_statement,1,OP03,2026-08-14,,1,0.94,0901,ID,15240,,
DOC-02659,LOT-2026-0275,commercial_invoice,1,OP03,2026-08-06,,0,0.92,0901.11,,15240,,
DOC-02660,LOT-2026-0275,supplier_buyer_info,1,OP03,2026-08-07,,0,0.91,,,,,
DOC-02661,LOT-2026-0275,production_record,1,,2026-07-07,,0,0.87,,ID,15240,,
DOC-02662,LOT-2026-0275,deforestation_evidence,1,,2026-07-20,,0,0.95,,ID,,,2020-08-23
DOC-02663,LOT-2026-0275,legality_land,1,,2025-06-08,2031-09-09,0,0.99,,ID,,,
DOC-02664,LOT-2026-0275,legality_env,1,,2024-09-08,2029-06-13,0,0.92,,,,,
DOC-02665,LOT-2026-0275,legality_labour_tax,1,,2025-09-25,2028-11-21,0,0.9,,,,,
DOC-02666,LOT-2026-0275,risk_assessment,1,,2026-08-15,,0,0.94,,,,negligible,
DOC-02667,LOT-2026-0276,dds_statement,1,OP07,2026-09-02,,1,0.88,0901,ID,7920,,
DOC-02668,LOT-2026-0276,commercial_invoice,1,OP07,2026-08-31,,0,0.95,0901.11,,7920,,
DOC-02669,LOT-2026-0276,supplier_buyer_info,1,OP07,2026-08-23,,0,0.97,,,,,
DOC-02670,LOT-2026-0276,production_record,1,,2026-07-30,,0,0.92,,ID,8100,,
DOC-02671,LOT-2026-0276,deforestation_evidence,1,,2026-08-19,,0,0.88,,ID,,,2020-11-28
DOC-02672,LOT-2026-0276,legality_land,1,,2025-05-12,2031-07-06,0,0.97,,ID,,,
DOC-02673,LOT-2026-0276,legality_env,1,,2024-07-05,2027-12-13,0,0.86,,,,,
DOC-02674,LOT-2026-0276,legality_labour_tax,1,,2025-04-19,2027-07-30,0,0.92,,,,,
DOC-02675,LOT-2026-0276,risk_assessment,1,,2026-08-27,,0,0.85,,,,negligible,
DOC-02676,LOT-2026-0276,certification,1,OP07,2024-06-05,2028-12-20,0,0.91,,,,,
DOC-02677,LOT-2026-0277,dds_statement,1,OP08,2026-09-13,,1,0.88,0901,ID,19200,,
DOC-02678,LOT-2026-0277,commercial_invoice,1,OP08,2026-09-07,,0,0.93,0901.11,,19200,,
DOC-02679,LOT-2026-0277,supplier_buyer_info,1,OP08,2026-08-24,,0,0.9,,,,,
DOC-02680,LOT-2026-0277,production_record,1,,2026-07-31,,0,0.85,,ID,19500,,
DOC-02681,LOT-2026-0277,deforestation_evidence,1,,2026-08-21,,0,0.97,,ID,,,2020-07-31
DOC-02682,LOT-2026-0277,legality_land,1,,2025-01-24,2031-03-31,0,0.93,,ID,,,
DOC-02683,LOT-2026-0277,legality_env,1,,2024-07-21,2028-03-24,0,0.86,,,,,
DOC-02684,LOT-2026-0277,legality_labour_tax,1,,2025-02-13,2028-07-10,0,0.92,,,,,
DOC-02685,LOT-2026-0277,risk_assessment,1,,2026-08-29,,0,0.95,,,,negligible,
DOC-02686,LOT-2026-0278,dds_statement,1,OP08,2026-08-23,,1,0.91,0901,ID,6900,,
DOC-02687,LOT-2026-0278,commercial_invoice,1,OP08,2026-08-16,,0,0.93,0901.11,,6900,,
DOC-02688,LOT-2026-0278,supplier_buyer_info,1,OP08,2026-08-12,,0,0.98,,,,,
DOC-02689,LOT-2026-0278,production_record,1,,2026-07-08,,0,0.97,,ID,7260,,
DOC-02690,LOT-2026-0278,deforestation_evidence,1,,2026-08-10,,0,0.94,,ID,,,2020-09-10
DOC-02691,LOT-2026-0278,legality_land,1,,2024-10-23,2029-12-11,0,0.91,,ID,,,
DOC-02692,LOT-2026-0278,legality_env,1,,2024-03-22,2027-06-22,0,0.87,,,,,
DOC-02693,LOT-2026-0278,legality_labour_tax,1,,2024-07-15,2028-06-23,0,0.9,,,,,
DOC-02694,LOT-2026-0278,risk_assessment,1,,2026-08-17,,0,0.88,,,,negligible,
DOC-02695,LOT-2026-0278,certification,1,OP08,2024-12-13,2028-09-08,0,0.97,,,,,
DOC-02696,LOT-2026-0279,dds_statement,1,OP08,2026-08-20,,1,0.98,0901,ID,17100,,
DOC-02697,LOT-2026-0279,commercial_invoice,1,OP08,2026-08-13,,0,0.96,0901.11,,17100,,
DOC-02698,LOT-2026-0279,supplier_buyer_info,1,OP08,2026-08-01,,0,0.99,,,,,
DOC-02699,LOT-2026-0279,production_record,1,,2026-06-29,,0,0.94,,ID,17220,,
DOC-02700,LOT-2026-0279,deforestation_evidence,1,,2026-08-01,,0,0.95,,ID,,,2020-12-19
DOC-02701,LOT-2026-0279,legality_env,1,,2023-07-24,2027-11-08,0,0.93,,,,,
DOC-02702,LOT-2026-0279,legality_labour_tax,1,,2024-04-13,2028-04-29,0,0.98,,,,,
DOC-02703,LOT-2026-0279,risk_assessment,1,,2026-08-08,,0,0.92,,,,negligible,
DOC-02704,LOT-2026-0279,certification,1,OP08,2025-07-24,2027-02-18,0,0.99,,,,,
DOC-02705,LOT-2026-0280,dds_statement,1,OP05,2026-08-31,,1,0.97,0901,ID,8400,,
DOC-02706,LOT-2026-0280,commercial_invoice,1,OP05,2026-08-29,,0,0.96,0901.11,,8400,,
DOC-02707,LOT-2026-0280,supplier_buyer_info,1,OP05,2026-08-19,,0,0.91,,,,,
DOC-02708,LOT-2026-0280,production_record,1,,2026-07-27,,0,0.88,,ID,8940,,
DOC-02709,LOT-2026-0280,deforestation_evidence,1,,2026-08-04,,0,0.92,,ID,,,2020-04-24
DOC-02710,LOT-2026-0280,legality_land,1,,2023-12-15,2029-12-28,0,0.96,,ID,,,
DOC-02711,LOT-2026-0280,legality_env,1,,2025-02-27,2029-11-15,0,0.93,,,,,
DOC-02712,LOT-2026-0280,legality_labour_tax,1,,2024-06-03,2028-08-09,0,0.93,,,,,
DOC-02713,LOT-2026-0280,risk_assessment,1,,2026-08-12,,0,0.86,,,,negligible,
DOC-02714,LOT-2026-0280,certification,1,OP05,2025-03-24,2028-04-13,0,0.98,,,,,
DOC-02715,LOT-2026-0281,dds_statement,1,OP02,2026-08-14,,1,0.97,0901,ID,15360,,
DOC-02716,LOT-2026-0281,commercial_invoice,1,OP02,2026-08-11,,0,0.97,0901.11,,15360,,
DOC-02717,LOT-2026-0281,supplier_buyer_info,1,OP02,2026-08-07,,0,0.92,,,,,
DOC-02718,LOT-2026-0281,production_record,1,,2026-06-26,,0,0.94,,ID,15360,,
DOC-02719,LOT-2026-0281,deforestation_evidence,1,,2026-07-29,,0,0.87,,ID,,,2020-12-31
DOC-02720,LOT-2026-0281,legality_land,1,,2023-10-27,2031-12-21,0,0.91,,ID,,,
DOC-02721,LOT-2026-0281,legality_env,1,,2024-06-02,2028-10-23,0,0.95,,,,,
DOC-02722,LOT-2026-0281,legality_labour_tax,1,,2024-04-11,2027-08-05,0,0.94,,,,,
DOC-02723,LOT-2026-0281,risk_assessment,1,,2026-07-27,,0,0.9,,,,negligible,
DOC-02724,LOT-2026-0281,certification,1,OP02,2024-07-25,2028-03-25,0,0.99,,,,,
DOC-02725,LOT-2026-0282,dds_statement,1,OP01,2026-08-23,,1,0.89,0901,ID,18420,,
DOC-02726,LOT-2026-0282,commercial_invoice,1,OP01,2026-08-19,,0,0.86,0901.11,,18420,,
DOC-02727,LOT-2026-0282,supplier_buyer_info,1,OP01,2026-08-11,,0,0.95,,,,,
DOC-02728,LOT-2026-0282,production_record,1,,2026-07-09,,0,0.9,,ID,18780,,
DOC-02729,LOT-2026-0282,deforestation_evidence,1,,2026-08-06,,0,0.96,,ID,,,2020-03-18
DOC-02730,LOT-2026-0282,legality_land,1,,2024-06-26,2030-05-13,0,0.96,,ID,,,
DOC-02731,LOT-2026-0282,legality_env,1,,2023-05-22,2029-08-30,0,0.91,,,,,
DOC-02732,LOT-2026-0282,legality_labour_tax,1,,2025-02-23,2028-06-12,0,0.98,,,,,
DOC-02733,LOT-2026-0282,risk_assessment,1,,2026-08-12,,0,0.92,,,,non_negligible,
DOC-02734,LOT-2026-0283,dds_statement,1,OP01,2026-09-10,,1,0.96,0901,ID,17820,,
DOC-02735,LOT-2026-0283,commercial_invoice,1,OP01,2026-09-07,,0,0.86,0901.11,,17820,,
DOC-02736,LOT-2026-0283,supplier_buyer_info,1,OP01,2026-08-29,,0,0.91,,,,,
DOC-02737,LOT-2026-0283,production_record,1,,2026-08-11,,0,0.91,,ID,17940,,
DOC-02738,LOT-2026-0283,deforestation_evidence,1,,2026-08-19,,0,0.94,,ID,,,2020-01-19
DOC-02739,LOT-2026-0283,legality_land,1,,2024-10-18,2028-11-05,0,0.98,,ID,,,
DOC-02740,LOT-2026-0283,legality_env,1,,2023-03-01,2029-03-08,0,0.99,,,,,
DOC-02741,LOT-2026-0283,legality_labour_tax,1,,2025-06-16,2027-12-28,0,0.91,,,,,
DOC-02742,LOT-2026-0283,risk_assessment,1,,2026-08-24,,0,0.97,,,,negligible,
DOC-02743,LOT-2026-0284,dds_statement,1,OP05,2026-09-01,,1,0.98,0901,ID,6120,,
DOC-02744,LOT-2026-0284,commercial_invoice,1,OP05,2026-08-28,,0,0.95,0901.11,,6120,,
DOC-02745,LOT-2026-0284,supplier_buyer_info,1,OP05,2026-08-18,,0,0.94,,,,,
DOC-02746,LOT-2026-0284,production_record,1,,2026-07-07,,0,0.94,,ID,6600,,
DOC-02747,LOT-2026-0284,deforestation_evidence,1,,2026-08-08,,0,0.9,,ID,,,2020-12-23
DOC-02748,LOT-2026-0284,legality_land,1,,2025-04-11,2031-08-21,0,0.91,,ID,,,
DOC-02749,LOT-2026-0284,legality_env,1,,2023-07-22,2029-11-19,0,0.89,,,,,
DOC-02750,LOT-2026-0284,legality_labour_tax,1,,2024-02-07,2028-09-01,0,0.9,,,,,
DOC-02751,LOT-2026-0284,risk_assessment,1,,2026-08-22,,0,0.95,,,,negligible,
DOC-02752,LOT-2026-0285,dds_statement,1,OP03,2026-09-12,,1,0.92,0901,ID,10320,,
DOC-02753,LOT-2026-0285,commercial_invoice,1,OP03,2026-09-06,,0,0.92,0901.11,,10320,,
DOC-02754,LOT-2026-0285,supplier_buyer_info,1,OP03,2026-08-24,,0,0.94,,,,,
DOC-02755,LOT-2026-0285,production_record,1,,2026-08-07,,0,0.85,,ID,10320,,
DOC-02756,LOT-2026-0285,deforestation_evidence,1,,2026-08-16,,0,0.89,,ID,,,2020-10-30
DOC-02757,LOT-2026-0285,legality_land,1,,2025-05-02,2029-09-14,0,0.95,,ID,,,
DOC-02758,LOT-2026-0285,legality_env,1,,2024-06-01,2027-09-22,0,0.95,,,,,
DOC-02759,LOT-2026-0285,legality_labour_tax,1,,2025-01-16,2027-11-21,0,0.5,,,,,
DOC-02760,LOT-2026-0285,risk_assessment,1,,2026-09-05,,0,0.9,,,,negligible,
DOC-02761,LOT-2026-0285,certification,1,OP03,2024-05-07,2028-04-04,0,0.89,,,,,
DOC-02762,LOT-2026-0286,dds_statement,1,OP06,2026-08-23,,1,0.95,0901,ID,17400,,
DOC-02763,LOT-2026-0286,commercial_invoice,1,OP06,2026-08-18,,0,0.9,0901.11,,17400,,
DOC-02764,LOT-2026-0286,supplier_buyer_info,1,OP06,2026-08-12,,0,0.94,,,,,
DOC-02765,LOT-2026-0286,production_record,1,,2026-07-06,,0,0.94,,ID,17940,,
DOC-02766,LOT-2026-0286,deforestation_evidence,1,,2026-08-01,,0,0.95,,ID,,,2020-09-23
DOC-02767,LOT-2026-0286,legality_land,1,,2023-04-18,2029-11-02,0,0.92,,ID,,,
DOC-02768,LOT-2026-0286,legality_env,1,,2023-07-17,2029-09-20,0,0.96,,,,,
DOC-02769,LOT-2026-0286,legality_labour_tax,1,,2025-04-10,2027-06-09,0,0.87,,,,,
DOC-02770,LOT-2026-0286,risk_assessment,1,,2026-08-08,,0,0.91,,,,negligible,
DOC-02771,LOT-2026-0286,certification,1,OP06,2024-04-04,2027-03-05,0,0.91,,,,,
DOC-02772,LOT-2026-0287,dds_statement,1,OP03,2026-09-12,,1,0.94,0901,ID,12840,,
DOC-02773,LOT-2026-0287,commercial_invoice,1,OP03,2026-09-04,,0,0.93,0901.11,,12840,,
DOC-02774,LOT-2026-0287,supplier_buyer_info,1,OP03,2026-08-28,,0,0.96,,,,,
DOC-02775,LOT-2026-0287,production_record,1,,2026-08-11,,0,0.93,,ID,13080,,
DOC-02776,LOT-2026-0287,deforestation_evidence,1,,2026-08-20,,0,0.95,,ID,,,2020-08-13
DOC-02777,LOT-2026-0287,legality_land,1,,2024-05-16,2030-05-03,0,0.97,,ID,,,
DOC-02778,LOT-2026-0287,legality_env,1,,2023-05-28,2028-10-30,0,0.87,,,,,
DOC-02779,LOT-2026-0287,legality_labour_tax,1,,2025-04-13,2027-07-11,0,0.99,,,,,
DOC-02780,LOT-2026-0287,risk_assessment,1,,2026-09-01,,0,0.92,,,,negligible,
DOC-02781,LOT-2026-0287,certification,1,OP03,2024-08-05,2028-04-11,0,0.92,,,,,
DOC-02782,LOT-2026-0288,dds_statement,1,OP03,2026-09-16,,1,0.91,0901,ID,7800,,
DOC-02783,LOT-2026-0288,commercial_invoice,1,OP03,2026-09-13,,0,0.9,0901.11,,7800,,
DOC-02784,LOT-2026-0288,supplier_buyer_info,1,OP03,2026-09-05,,0,0.86,,,,,
DOC-02785,LOT-2026-0288,production_record,1,,2026-07-29,,0,0.87,,ID,7920,,
DOC-02786,LOT-2026-0288,deforestation_evidence,1,,2026-08-28,,0,0.89,,ID,,,2020-07-10
DOC-02787,LOT-2026-0288,legality_land,1,,2024-05-12,2028-02-27,0,0.96,,ID,,,
DOC-02788,LOT-2026-0288,legality_env,1,,2023-05-26,2029-08-11,0,0.93,,,,,
DOC-02789,LOT-2026-0288,legality_labour_tax,1,,2024-02-19,2028-01-07,0,0.97,,,,,
DOC-02790,LOT-2026-0288,risk_assessment,1,,2026-08-28,,0,0.88,,,,negligible,
DOC-02791,LOT-2026-0289,dds_statement,1,OP08,2026-08-14,,1,0.97,0901,ID,14400,,
DOC-02792,LOT-2026-0289,commercial_invoice,1,OP08,2026-08-06,,0,0.92,0901.11,,14400,,
DOC-02793,LOT-2026-0289,supplier_buyer_info,1,OP08,2026-08-03,,0,0.93,,,,,
DOC-02794,LOT-2026-0289,production_record,1,,2026-07-04,,0,0.96,,ID,14700,,
DOC-02795,LOT-2026-0289,deforestation_evidence,1,,2026-07-20,,0,0.87,,ID,,,2020-11-06
DOC-02796,LOT-2026-0289,legality_land,1,,2023-05-22,2030-10-30,0,0.94,,ID,,,
DOC-02797,LOT-2026-0289,legality_env,1,,2025-02-18,2028-09-03,0,0.94,,,,,
DOC-02798,LOT-2026-0289,legality_labour_tax,1,,2024-06-01,2028-01-28,0,0.86,,,,,
DOC-02799,LOT-2026-0289,risk_assessment,1,,2026-08-07,,0,0.94,,,,negligible,
DOC-02800,LOT-2026-0290,dds_statement,1,OP07,2026-08-25,,1,0.98,0901,ID,11160,,
DOC-02801,LOT-2026-0290,commercial_invoice,1,OP07,2026-08-16,,0,0.95,0901.11,,11160,,
DOC-02802,LOT-2026-0290,supplier_buyer_info,1,OP07,2026-08-08,,0,0.86,,,,,
DOC-02803,LOT-2026-0290,production_record,1,,2026-07-09,,0,0.95,,ID,11280,,
DOC-02804,LOT-2026-0290,deforestation_evidence,1,,2026-07-28,,0,0.96,,ID,,,2020-11-18
DOC-02805,LOT-2026-0290,legality_land,1,,2024-12-25,2029-09-24,0,0.93,,ID,,,
DOC-02806,LOT-2026-0290,legality_env,1,,2023-05-07,2029-03-21,0,0.93,,,,,
DOC-02807,LOT-2026-0290,legality_labour_tax,1,,2024-07-16,2028-11-23,0,0.93,,,,,
DOC-02808,LOT-2026-0290,risk_assessment,1,,2026-08-19,,0,0.96,,,,negligible,
DOC-02809,LOT-2026-0291,dds_statement,1,OP04,2026-09-09,,1,0.98,0901,ID,6240,,
DOC-02810,LOT-2026-0291,commercial_invoice,1,OP04,2026-09-05,,0,0.98,0901.11,,6240,,
DOC-02811,LOT-2026-0291,supplier_buyer_info,1,OP04,2026-08-29,,0,0.96,,,,,
DOC-02812,LOT-2026-0291,production_record,1,,2026-08-07,,0,0.97,,ID,6240,,
DOC-02813,LOT-2026-0291,deforestation_evidence,1,,2026-08-12,,0,0.86,,ID,,,2020-12-31
DOC-02814,LOT-2026-0291,legality_land,1,,2024-06-30,2031-05-27,0,0.89,,ID,,,
DOC-02815,LOT-2026-0291,legality_env,1,,2024-08-26,2027-07-17,0,0.92,,,,,
DOC-02816,LOT-2026-0291,legality_labour_tax,1,,2024-01-24,2028-02-12,0,0.91,,,,,
DOC-02817,LOT-2026-0291,risk_assessment,1,,2026-08-24,,0,0.91,,,,negligible,
DOC-02818,LOT-2026-0292,dds_statement,1,OP06,2026-09-05,,1,0.93,0901,ID,7380,,
DOC-02819,LOT-2026-0292,commercial_invoice,1,OP06,2026-08-30,,0,0.87,0901.11,,7380,,
DOC-02820,LOT-2026-0292,supplier_buyer_info,1,OP06,2026-08-25,,0,0.96,,,,,
DOC-02821,LOT-2026-0292,production_record,1,,2026-08-03,,0,0.89,,ID,7500,,
DOC-02822,LOT-2026-0292,deforestation_evidence,1,,2026-08-13,,0,0.87,,ID,,,2020-12-13
DOC-02823,LOT-2026-0292,legality_land,1,,2024-09-21,2029-10-28,0,0.88,,ID,,,
DOC-02824,LOT-2026-0292,legality_env,1,,2024-12-31,2027-07-30,0,0.89,,,,,
DOC-02825,LOT-2026-0292,legality_labour_tax,1,,2024-04-11,2028-01-22,0,0.87,,,,,
DOC-02826,LOT-2026-0292,risk_assessment,1,,2026-08-29,,0,0.98,,,,negligible,
DOC-02827,LOT-2026-0292,certification,1,OP06,2024-05-03,2027-02-23,0,0.88,,,,,
DOC-02828,LOT-2026-0293,dds_statement,1,OP04,2026-09-10,,1,0.98,0901,ID,17520,,
DOC-02829,LOT-2026-0293,commercial_invoice,1,OP04,2026-09-04,,0,0.86,0901.11,,17520,,
DOC-02830,LOT-2026-0293,supplier_buyer_info,1,OP08,2026-08-27,,0,0.93,,,,,
DOC-02831,LOT-2026-0293,production_record,1,,2026-07-26,,0,0.92,,ID,17580,,
DOC-02832,LOT-2026-0293,deforestation_evidence,1,,2026-08-18,,0,0.88,,ID,,,2020-11-20
DOC-02833,LOT-2026-0293,legality_land,1,,2025-06-26,2028-02-08,0,0.89,,ID,,,
DOC-02834,LOT-2026-0293,legality_env,1,,2024-08-23,2029-04-22,0,0.86,,,,,
DOC-02835,LOT-2026-0293,legality_labour_tax,1,,2025-07-22,2028-12-27,0,0.96,,,,,
DOC-02836,LOT-2026-0293,risk_assessment,1,,2026-08-29,,0,0.89,,,,negligible,
DOC-02837,LOT-2026-0293,certification,1,OP04,2024-03-26,2028-10-13,0,0.92,,,,,
DOC-02838,LOT-2026-0294,dds_statement,1,OP03,2026-09-02,,1,0.93,0901,ID,8580,,
DOC-02839,LOT-2026-0294,commercial_invoice,1,OP03,2026-08-25,,0,0.98,0901.11,,8580,,
DOC-02840,LOT-2026-0294,supplier_buyer_info,1,OP03,2026-08-18,,0,0.91,,,,,
DOC-02841,LOT-2026-0294,production_record,1,,2026-07-09,,0,0.96,,ID,8580,,
DOC-02842,LOT-2026-0294,deforestation_evidence,1,,2026-08-14,,0,0.99,,ID,,,2020-11-30
DOC-02843,LOT-2026-0294,legality_land,1,,2023-01-01,2028-05-03,0,0.98,,ID,,,
DOC-02844,LOT-2026-0294,legality_env,1,,2024-05-08,2028-03-06,0,0.93,,,,,
DOC-02845,LOT-2026-0294,legality_labour_tax,1,,2025-01-24,2028-02-23,0,0.97,,,,,
DOC-02846,LOT-2026-0294,risk_assessment,1,,2026-08-24,,0,0.88,,,,negligible,
DOC-02847,LOT-2026-0295,dds_statement,1,OP05,2026-08-15,,1,0.86,0901,ID,17340,,
DOC-02848,LOT-2026-0295,commercial_invoice,1,OP05,2026-08-12,,0,0.91,0901.11,,17340,,
DOC-02849,LOT-2026-0295,supplier_buyer_info,1,OP05,2026-08-07,,0,0.97,,,,,
DOC-02850,LOT-2026-0295,production_record,1,,2026-06-29,,0,0.99,,ID,17820,,
DOC-02851,LOT-2026-0295,deforestation_evidence,1,,2026-07-23,,0,0.94,,ID,,,2020-04-17
DOC-02852,LOT-2026-0295,legality_land,1,,2025-04-01,2029-10-13,0,0.97,,ID,,,
DOC-02853,LOT-2026-0295,legality_env,1,,2023-12-17,2029-03-12,0,0.89,,,,,
DOC-02854,LOT-2026-0295,legality_labour_tax,1,,2025-04-08,2027-12-05,0,0.88,,,,,
DOC-02855,LOT-2026-0295,risk_assessment,1,,2026-07-31,,0,0.99,,,,negligible,
DOC-02856,LOT-2026-0295,certification,1,OP05,2025-04-15,2028-09-05,0,0.9,,,,,
DOC-02857,LOT-2026-0296,dds_statement,1,OP03,2026-09-24,,1,0.98,0901,ID,15300,,
DOC-02858,LOT-2026-0296,commercial_invoice,1,OP03,2026-09-20,,0,0.91,0901.11,,15300,,
DOC-02859,LOT-2026-0296,supplier_buyer_info,1,OP03,2026-09-06,,0,0.95,,,,,
DOC-02860,LOT-2026-0296,production_record,1,,2026-08-10,,0,0.93,,ID,15660,,
DOC-02861,LOT-2026-0296,deforestation_evidence,1,,2026-09-12,,0,0.85,,ID,,,2020-10-02
DOC-02862,LOT-2026-0296,legality_land,1,,2025-05-02,2031-10-07,0,0.91,,ID,,,
DOC-02863,LOT-2026-0296,legality_env,1,,2023-05-07,2028-05-27,0,0.99,,,,,
DOC-02864,LOT-2026-0296,legality_labour_tax,1,,2025-01-20,2028-11-05,0,0.9,,,,,
DOC-02865,LOT-2026-0296,risk_assessment,1,,2026-09-18,,0,0.87,,,,negligible,
DOC-02866,LOT-2026-0297,dds_statement,1,OP01,2026-08-18,,1,0.91,0901,ID,11640,,
DOC-02867,LOT-2026-0297,commercial_invoice,1,OP01,2026-08-13,,0,0.95,0901.11,,11640,,
DOC-02868,LOT-2026-0297,supplier_buyer_info,1,OP01,2026-07-30,,0,0.89,,,,,
DOC-02869,LOT-2026-0297,production_record,1,,2026-06-20,,0,0.88,,ID,11940,,
DOC-02870,LOT-2026-0297,deforestation_evidence,1,,2026-07-30,,0,0.88,,ID,,,2020-04-23
DOC-02871,LOT-2026-0297,legality_land,1,,2024-05-20,2030-01-13,0,0.86,,ID,,,
DOC-02872,LOT-2026-0297,legality_env,1,,2024-05-19,2029-12-13,0,0.95,,,,,
DOC-02873,LOT-2026-0297,legality_labour_tax,1,,2025-09-12,2027-10-01,0,0.85,,,,,
DOC-02874,LOT-2026-0297,risk_assessment,1,,2026-08-09,,0,0.99,,,,negligible,
DOC-02875,LOT-2026-0298,dds_statement,1,OP02,2026-08-27,,1,0.93,0901,ID,13680,,
DOC-02876,LOT-2026-0298,commercial_invoice,1,OP02,2026-08-23,,0,0.86,0901.11,,13680,,
DOC-02877,LOT-2026-0298,supplier_buyer_info,1,OP02,2026-08-18,,0,0.95,,,,,
DOC-02878,LOT-2026-0298,production_record,1,,2026-07-13,,0,0.89,,ID,13800,,
DOC-02879,LOT-2026-0298,deforestation_evidence,1,,2026-07-30,,0,0.97,,ID,,,2020-04-26
DOC-02880,LOT-2026-0298,legality_land,1,,2025-01-16,2029-07-15,0,0.88,,ID,,,
DOC-02881,LOT-2026-0298,legality_env,1,,2024-11-25,2027-06-24,0,0.99,,,,,
DOC-02882,LOT-2026-0298,legality_labour_tax,1,,2025-06-29,2028-11-19,0,0.89,,,,,
DOC-02883,LOT-2026-0298,risk_assessment,1,,2026-08-19,,0,0.93,,,,negligible,
DOC-02884,LOT-2026-0298,certification,1,OP02,2025-03-13,2028-10-18,0,0.94,,,,,
DOC-02885,LOT-2026-0299,dds_statement,1,OP01,2026-08-31,,1,0.87,0901,ID,18960,,
DOC-02886,LOT-2026-0299,commercial_invoice,1,OP01,2026-08-22,,0,0.92,0901.11,,18960,,
DOC-02887,LOT-2026-0299,supplier_buyer_info,1,OP01,2026-08-16,,0,0.96,,,,,
DOC-02888,LOT-2026-0299,production_record,1,,2026-07-19,,0,0.86,,ID,19140,,
DOC-02889,LOT-2026-0299,deforestation_evidence,1,,2026-08-08,,0,0.91,,ID,,,2020-09-29
DOC-02890,LOT-2026-0299,legality_land,1,,2023-01-06,2030-03-13,0,0.88,,ID,,,
DOC-02891,LOT-2026-0299,legality_env,1,,2023-03-25,2029-11-18,0,0.93,,,,,
DOC-02892,LOT-2026-0299,legality_labour_tax,1,,2024-01-26,2027-10-18,0,0.99,,,,,
DOC-02893,LOT-2026-0299,risk_assessment,1,,2026-08-21,,0,0.91,,,,negligible,
DOC-02894,LOT-2026-0299,certification,1,OP01,2024-09-12,2027-07-21,0,0.87,,,,,
DOC-02895,LOT-2026-0300,dds_statement,1,OP05,2026-08-13,,1,0.92,0901,ID,15600,,
DOC-02896,LOT-2026-0300,commercial_invoice,1,OP05,2026-08-11,,0,0.93,0901.11,,15600,,
DOC-02897,LOT-2026-0300,supplier_buyer_info,1,OP05,2026-07-27,,0,0.98,,,,,
DOC-02898,LOT-2026-0300,production_record,1,,2026-07-11,,0,0.88,,ID,15840,,
DOC-02899,LOT-2026-0300,deforestation_evidence,1,,2026-07-19,,0,0.98,,ID,,,2020-05-02
DOC-02900,LOT-2026-0300,legality_land,1,,2025-05-02,2028-04-21,0,0.97,,ID,,,
DOC-02901,LOT-2026-0300,legality_env,1,,2024-06-16,2029-08-22,0,0.88,,,,,
DOC-02902,LOT-2026-0300,legality_labour_tax,1,,2024-03-15,2028-11-04,0,0.94,,,,,
DOC-02903,LOT-2026-0300,risk_assessment,1,,2026-08-07,,0,0.96,,,,negligible,
